ctime,schemaname,relname,seq_scan,seq_tup_read,idx_scan,idx_tup_fetch,n_tup_ins,n_tup_upd,n_tup_del,n_tup_hot_upd,n_live_tup,n_dead_tup,heap_blks_read,heap_blks_hit,idx_blks_read,idx_blks_hit,toast_blks_read,toast_blks_hit,tidx_blks_read,tidx_blks_hit
1430600094.31329,pg_catalog,pg_operator,3,2295,261,1313,0,0,0,0,765,0,42,945,20,594,,,,
1430600094.31329,pg_catalog,pg_extension,3,3,0,0,0,0,0,0,1,0,2,2,0,0,,,,
1430600094.31329,pg_catalog,pg_authid,420,420,9717,9717,0,0,0,0,1,0,77,10072,258,19176,,,,
1430600094.31329,pg_catalog,pg_statistic,2,798,1145,960,92,404,0,168,92,314,62,1965,13,2986,34,271,4,229
1430600094.31329,pg_catalog,pg_opfamily,3,258,0,0,0,0,0,0,86,0,4,4,0,0,,,,
1430600094.31329,public,history,1,120000,,,120005,0,0,0,120005,0,2578,5037,,,,,,
1430600094.31329,pg_catalog,pg_shdescription,28,81,12,0,0,0,0,0,3,0,25,15,25,0,0,0,0,0
1430600094.31329,pg_catalog,pg_event_trigger,3,0,27,0,0,0,0,0,0,0,0,0,2,25,,,,
1430600094.31329,pg_catalog,pg_user_mapping,3,0,0,0,0,0,0,0,0,0,0,0,0,0,,,,
1430600094.31329,pg_catalog,pg_inherits,3,0,84,0,0,0,0,0,0,0,0,0,2,82,,,,
1430600094.31329,pg_toast,pg_toast_3596,0,0,0,0,0,0,0,0,0,0,0,0,0,0,,,,
1430600094.31329,pg_catalog,pg_rewrite,3,327,9,9,0,0,0,0,109,0,23,30,4,12,45,46,8,138
1430600094.31329,public,customer,6,720000,36,43,120000,25,0,0,120000,25,68387,28989,55,232,,,,
1430600094.31329,pg_catalog,pg_foreign_data_wrapper,3,0,0,0,0,0,0,0,0,0,0,0,0,0,,,,
1430600094.31329,pg_catalog,pg_largeobject_metadata,2,0,0,0,0,0,0,0,0,0,0,0,0,0,,,,
1430600094.31329,pg_catalog,pg_opclass,7,388,391,5122,0,0,0,0,128,0,9,1810,12,498,,,,
1430600094.31329,pg_catalog,pg_attrdef,3,0,0,0,0,0,0,0,0,0,0,0,0,0,0,0,0,0
1430600094.31329,pg_catalog,pg_default_acl,3,0,59,0,0,0,0,0,0,0,0,0,2,57,,,,
1430600094.31329,pg_catalog,pg_aggregate,2,266,7,7,0,0,0,0,133,0,5,8,4,10,,,,
1430600094.31329,pg_toast,pg_toast_12329,0,0,0,0,0,0,0,0,0,0,0,0,0,0,,,,
1430600094.31329,pg_catalog,pg_ts_dict,3,48,0,0,0,0,0,0,16,0,2,2,0,0,,,,
1430600094.31329,pg_catalog,pg_index,25,1126,1050,1298,27,0,17,0,123,17,13,1158,12,1261,,,,
1430600094.31329,pg_catalog,pg_tablespace,75,150,3655,3655,0,0,0,0,2,0,63,3679,121,7225,,,,
1430600094.31329,pg_toast,pg_toast_2619,0,0,142,363,74,0,14,0,60,14,34,271,4,229,,,,
1430600094.31329,public,new_order,4,144000,40,40,36003,0,20,0,35983,20,403,1218,13,79,,,,
1430600094.31329,pg_catalog,pg_constraint,5,50,8,0,8,0,0,0,10,0,6,33,8,64,0,0,0,0
1430600094.31329,pg_toast,pg_toast_2618,0,0,67,209,0,0,0,0,0,0,45,46,4,69,,,,
1430600094.31329,pg_catalog,pg_cast,3,594,1913,383,0,0,0,0,198,0,6,385,6,1950,,,,
1430600094.31329,pg_catalog,pg_ts_config,3,48,0,0,0,0,0,0,16,0,2,2,0,0,,,,
1430600094.31329,pg_catalog,pg_ts_parser,3,3,0,0,0,0,0,0,1,0,2,2,0,0,,,,
1430600094.31329,pg_toast,pg_toast_2620,0,0,0,0,0,0,0,0,0,0,0,0,0,0,,,,
1430600094.31329,pg_toast,pg_toast_2396,0,0,0,0,0,0,0,0,0,0,0,0,0,0,,,,
1430600094.31329,pg_catalog,pg_largeobject,2,0,0,0,0,0,0,0,0,0,0,0,0,0,,,,
1430600094.31329,pg_catalog,pg_enum,4,0,0,0,0,0,0,0,0,0,0,0,0,0,,,,
1430600094.31329,pg_catalog,pg_foreign_table,2,0,0,0,0,0,0,0,0,0,0,0,0,0,,,,
1430600094.31329,pg_catalog,pg_collation,3,1806,0,0,0,0,0,0,602,0,38,38,0,0,,,,
1430600094.31329,pg_catalog,pg_am,107,119,0,0,0,0,0,0,5,0,3,105,0,0,,,,
1430600094.31329,pg_catalog,pg_proc,3,8073,319,387,6,0,0,0,2691,0,162,486,36,715,0,0,0,0
1430600094.31329,pg_catalog,pg_shdepend,36,36,4082,1021,0,0,0,0,1,0,25,1044,100,4248,,,,
1430600094.31329,pg_catalog,pg_language,4,16,10,10,0,0,0,0,4,0,2,13,4,18,,,,
1430600094.31329,pg_catalog,pg_range,2,12,2,0,0,0,0,0,6,0,2,1,2,2,,,,
1430600094.31329,pg_catalog,pg_attribute,26,7916,2755,9944,1401,20,1219,1,2491,1218,142,6266,37,11299,,,,
1430600094.31329,public,order_line,4,4552236,42,792,1138093,210,0,68,1138093,210,78060,35204,23,647,,,,
1430600094.31329,pg_catalog,pg_database,2152,8374,64298,64272,13,0,12,0,4,0,37,66448,325,76934,,,,
1430600094.31329,public,stock,4,1600000,440,90,400000,34,0,0,400000,34,98513,41188,174,1257,,,,
1430600094.31329,pg_catalog,pg_conversion,4,528,0,0,0,0,0,0,132,0,6,9,0,0,,,,
1430600094.31329,pg_catalog,pg_type,3,1099,1493,1134,173,0,151,0,361,151,26,1508,20,3614,,,,
1430600094.31329,pg_catalog,pg_trigger,4,0,0,0,0,0,0,0,0,0,0,0,0,0,0,0,0,0
1430600094.31329,information_schema,sql_implementation_info,1,12,,,0,0,0,0,12,0,2,0,,,0,0,0,0
1430600094.31329,information_schema,sql_languages,1,4,,,0,0,0,0,4,0,2,0,,,0,0,0,0
1430600094.31329,pg_toast,pg_toast_12309,0,0,0,0,0,0,0,0,0,0,0,0,0,0,,,,
1430600094.31329,pg_toast,pg_toast_12334,0,0,0,0,0,0,0,0,0,0,0,0,0,0,,,,
1430600094.31329,pg_catalog,pg_amop,4,1744,319,396,0,0,0,0,436,0,12,404,21,709,,,,
1430600094.31329,pg_toast,pg_toast_1255,0,0,0,0,0,0,0,0,0,0,0,0,0,0,,,,
1430600094.31329,pg_toast,pg_toast_12314,0,0,0,0,0,0,0,0,0,0,0,0,0,0,,,,
1430600094.31329,pg_toast,pg_toast_12324,0,0,0,0,0,0,0,0,0,0,0,0,0,0,,,,
1430600094.31329,pg_catalog,pg_amproc,7,1040,279,452,0,0,0,0,344,0,9,282,9,642,,,,
1430600094.31329,pg_toast,pg_toast_2964,0,0,0,0,0,0,0,0,0,0,0,0,0,0,,,,
1430600094.31329,pg_catalog,pg_ts_template,3,15,0,0,0,0,0,0,5,0,2,2,0,0,,,,
1430600094.31329,pg_catalog,pg_db_role_setting,36,0,25900,0,0,0,0,0,0,0,0,0,77,25823,0,0,0,0
1430600094.31329,pg_toast,pg_toast_2609,0,0,0,0,0,0,0,0,0,0,0,0,0,0,,,,
1430600094.31329,information_schema,sql_parts,1,9,,,0,0,0,0,9,0,2,0,,,0,0,0,0
1430600094.31329,public,warehouse,20,68,0,0,4,5,0,5,4,5,3,21,1,6,,,,
1430600094.31329,pg_catalog,pg_class,52,5728,3361,3023,122,324,101,67,316,369,29,4713,33,8446,,,,
1430600094.31329,pg_catalog,pg_seclabel,2,0,252,0,0,0,0,0,0,0,0,0,2,250,0,0,0,0
1430600094.31329,public,orders,6,720000,40,40,120003,20,0,8,120003,20,1947,7794,33,194,,,,
1430600094.31329,pg_catalog,pg_ts_config_map,2,608,0,0,0,0,0,0,304,0,4,2,0,0,,,,
1430600094.31329,information_schema,sql_sizing,1,23,,,0,0,0,0,23,0,2,0,,,0,0,0,0
1430600094.31329,pg_toast,pg_toast_12339,0,0,0,0,0,0,0,0,0,0,0,0,0,0,,,,
1430600094.31329,information_schema,sql_packages,1,10,,,0,0,0,0,10,0,2,0,,,0,0,0,0
1430600094.31329,pg_toast,pg_toast_2606,0,0,0,0,0,0,0,0,0,0,0,0,0,0,,,,
1430600094.31329,pg_catalog,pg_pltemplate,24,192,0,0,0,0,0,0,8,0,24,12,0,0,,,,
1430600094.31329,public,district,30,960,0,0,40,8,0,8,40,8,3,34,1,11,,,,
1430600094.31329,pg_catalog,pg_auth_members,36,0,0,0,0,0,0,0,0,0,0,0,0,0,,,,
1430600094.31329,pg_catalog,pg_depend,3,20120,2731,2507,348,0,256,0,6672,256,103,3172,39,6884,,,,
1430600094.31329,pg_toast,pg_toast_2604,0,0,0,0,0,0,0,0,0,0,0,0,0,0,,,,
1430600094.31329,pg_catalog,pg_shseclabel,24,0,12,0,0,0,0,0,0,0,0,0,12,0,,,,
1430600094.31329,public,item,4,400000,34,34,100000,0,0,0,100000,0,2594,9087,27,44,,,,
1430600094.31329,information_schema,sql_features,1,672,,,0,0,0,0,672,0,14,0,,,0,0,0,0
1430600094.31329,pg_toast,pg_toast_12319,0,0,0,0,0,0,0,0,0,0,0,0,0,0,,,,
1430600094.31329,pg_catalog,pg_description,2,7372,252,0,0,0,0,0,3686,0,64,32,6,501,0,0,0,0
1430600094.31329,pg_catalog,pg_namespace,7,42,336,251,0,0,0,0,6,0,3,256,11,428,,,,
1430600094.31329,information_schema,sql_sizing_profiles,1,0,,,0,0,0,0,0,0,0,0,,,0,0,0,0
1430600094.31329,pg_catalog,pg_foreign_server,3,0,0,0,0,0,0,0,0,0,0,0,0,0,,,,
1430600154.35085,pg_catalog,pg_operator,3,2295,1538,10128,0,0,0,0,765,0,42,7055,20,3258,,,,
1430600154.35085,pg_catalog,pg_extension,3,3,0,0,0,0,0,0,1,0,2,2,0,0,,,,
1430600154.35085,pg_catalog,pg_authid,423,423,9877,9877,0,0,0,0,1,0,78,10234,262,19492,,,,
1430600154.35085,pg_catalog,pg_statistic,2,798,5486,5295,92,404,0,168,92,314,64,6298,13,11705,34,1629,4,1170
1430600154.35085,pg_catalog,pg_opfamily,3,258,0,0,0,0,0,0,86,0,4,4,0,0,,,,
1430600154.35085,public,history,1,120000,,,140329,0,0,0,140329,0,2827,25893,,,,,,
1430600154.35085,pg_catalog,pg_shdescription,28,81,12,0,0,0,0,0,3,0,25,15,25,0,0,0,0,0
1430600154.35085,pg_catalog,pg_event_trigger,3,0,27,0,0,0,0,0,0,0,0,0,2,25,,,,
1430600154.35085,pg_catalog,pg_user_mapping,3,0,0,0,0,0,0,0,0,0,0,0,0,0,,,,
1430600154.35085,pg_catalog,pg_inherits,3,0,84,0,0,0,0,0,0,0,0,0,2,82,,,,
1430600154.35085,pg_toast,pg_toast_3596,0,0,0,0,0,0,0,0,0,0,0,0,0,0,,,,
1430600154.35085,pg_catalog,pg_rewrite,3,327,16,16,0,0,0,0,109,0,27,33,4,24,51,47,8,154
1430600154.35085,public,customer,6,720000,96693,245896,120000,39409,0,19699,118411,23250,174805,270312,14930,398207,,,,
1430600154.35085,pg_catalog,pg_foreign_data_wrapper,3,0,0,0,0,0,0,0,0,0,0,0,0,0,,,,
1430600154.35085,pg_catalog,pg_largeobject_metadata,2,0,0,0,0,0,0,0,0,0,0,0,0,0,,,,
1430600154.35085,pg_catalog,pg_opclass,7,388,839,11812,0,0,0,0,128,0,10,4409,14,1017,,,,
1430600154.35085,pg_catalog,pg_attrdef,3,0,0,0,0,0,0,0,0,0,0,0,0,0,0,0,0,0
1430600154.35085,pg_catalog,pg_default_acl,3,0,59,0,0,0,0,0,0,0,0,0,2,57,,,,
1430600154.35085,pg_catalog,pg_aggregate,2,266,84,84,0,0,0,0,133,0,5,85,4,124,,,,
1430600154.35085,pg_toast,pg_toast_12329,0,0,0,0,0,0,0,0,0,0,0,0,0,0,,,,
1430600154.35085,pg_catalog,pg_ts_dict,3,48,0,0,0,0,0,0,16,0,2,2,0,0,,,,
1430600154.35085,pg_catalog,pg_index,30,1741,2011,2422,27,0,17,0,123,17,15,2132,14,2292,,,,
1430600154.35085,pg_catalog,pg_tablespace,75,150,3730,3730,0,0,0,0,2,0,64,3753,124,7374,,,,
1430600154.35085,pg_toast,pg_toast_2619,0,0,1049,3643,74,0,14,0,60,14,34,1629,4,1170,,,,
1430600154.35085,public,new_order,4,144000,38160,36491,57684,0,17270,0,40197,7301,763,91247,262,135980,,,,
1430600154.35085,pg_catalog,pg_constraint,5,50,8,0,8,0,0,0,10,0,6,33,8,64,0,0,0,0
1430600154.35085,pg_toast,pg_toast_2618,0,0,72,225,0,0,0,0,0,0,51,47,4,77,,,,
1430600154.35085,pg_catalog,pg_cast,3,594,7010,1564,0,0,0,0,198,0,6,1566,6,7084,,,,
1430600154.35085,pg_catalog,pg_ts_config,3,48,0,0,0,0,0,0,16,0,2,2,0,0,,,,
1430600154.35085,pg_catalog,pg_ts_parser,3,3,0,0,0,0,0,0,1,0,2,2,0,0,,,,
1430600154.35085,pg_toast,pg_toast_2620,0,0,0,0,0,0,0,0,0,0,0,0,0,0,,,,
1430600154.35085,pg_toast,pg_toast_2396,0,0,0,0,0,0,0,0,0,0,0,0,0,0,,,,
1430600154.35085,pg_catalog,pg_largeobject,2,0,0,0,0,0,0,0,0,0,0,0,0,0,,,,
1430600154.35085,pg_catalog,pg_enum,4,0,0,0,0,0,0,0,0,0,0,0,0,0,,,,
1430600154.35085,pg_catalog,pg_foreign_table,2,0,0,0,0,0,0,0,0,0,0,0,0,0,,,,
1430600154.35085,pg_catalog,pg_collation,3,1806,0,0,0,0,0,0,602,0,38,38,0,0,,,,
1430600154.35085,pg_catalog,pg_am,142,154,0,0,0,0,0,0,5,0,4,139,0,0,,,,
1430600154.35085,pg_catalog,pg_proc,3,8073,2105,2771,6,0,0,0,2691,0,168,2540,38,4430,0,0,0,0
1430600154.35085,pg_catalog,pg_shdepend,36,36,4082,1021,0,0,0,0,1,0,25,1044,100,4248,,,,
1430600154.35085,pg_catalog,pg_language,4,16,10,10,0,0,0,0,4,0,2,13,4,18,,,,
1430600154.35085,pg_catalog,pg_range,2,12,2,0,0,0,0,0,6,0,2,1,2,2,,,,
1430600154.35085,pg_catalog,pg_attribute,26,7916,6667,19669,1401,20,1219,1,2491,1218,150,10683,41,19156,,,,
1430600154.35085,public,order_line,4,4552236,41848,502437,1365524,181324,0,33796,1363606,169510,86995,1140624,7120,1256246,,,,
1430600154.35085,pg_catalog,pg_database,2155,8380,64554,64528,13,0,12,0,4,0,37,66707,329,77347,,,,
1430600154.35085,public,stock,4,1600000,576160,460773,400000,227465,0,0,400000,227465,183183,1051493,9778,2410511,,,,
1430600154.35085,pg_catalog,pg_conversion,4,528,0,0,0,0,0,0,132,0,6,9,0,0,,,,
1430600154.35085,pg_catalog,pg_type,3,1099,3285,2926,173,0,151,0,361,151,26,3300,20,7235,,,,
1430600154.35085,pg_catalog,pg_trigger,4,0,0,0,0,0,0,0,0,0,0,0,0,0,0,0,0,0
1430600154.35085,information_schema,sql_implementation_info,1,12,,,0,0,0,0,12,0,2,0,,,0,0,0,0
1430600154.35085,information_schema,sql_languages,1,4,,,0,0,0,0,4,0,2,0,,,0,0,0,0
1430600154.35085,pg_toast,pg_toast_12309,0,0,0,0,0,0,0,0,0,0,0,0,0,0,,,,
1430600154.35085,pg_toast,pg_toast_12334,0,0,0,0,0,0,0,0,0,0,0,0,0,0,,,,
1430600154.35085,pg_catalog,pg_amop,4,1744,1056,1401,0,0,0,0,436,0,12,1409,21,2255,,,,
1430600154.35085,pg_toast,pg_toast_1255,0,0,0,0,0,0,0,0,0,0,0,0,0,0,,,,
1430600154.35085,pg_toast,pg_toast_12314,0,0,0,0,0,0,0,0,0,0,0,0,0,0,,,,
1430600154.35085,pg_toast,pg_toast_12324,0,0,0,0,0,0,0,0,0,0,0,0,0,0,,,,
1430600154.35085,pg_catalog,pg_amproc,7,1040,541,820,0,0,0,0,344,0,10,543,12,1198,,,,
1430600154.35085,pg_toast,pg_toast_2964,0,0,0,0,0,0,0,0,0,0,0,0,0,0,,,,
1430600154.35085,pg_catalog,pg_ts_template,3,15,0,0,0,0,0,0,5,0,2,2,0,0,,,,
1430600154.35085,pg_catalog,pg_db_role_setting,36,0,26224,0,0,0,0,0,0,0,0,0,78,26146,0,0,0,0
1430600154.35085,pg_toast,pg_toast_2609,0,0,0,0,0,0,0,0,0,0,0,0,0,0,,,,
1430600154.35085,information_schema,sql_parts,1,9,,,0,0,0,0,9,0,2,0,,,0,0,0,0
1430600154.35085,public,warehouse,71872,217844,7885,7885,4,20329,0,19893,4,7539,171,3915157,2,8362,,,,
1430600154.35085,pg_catalog,pg_class,58,7624,6363,5626,122,324,101,67,316,369,31,7372,37,12481,,,,
1430600154.35085,pg_catalog,pg_seclabel,2,0,252,0,0,0,0,0,0,0,0,0,2,250,0,0,0,0
1430600154.35085,public,orders,6,720000,40089,40784,141684,19080,0,8195,141566,12787,4618,112161,9766,308786,,,,
1430600154.35085,pg_catalog,pg_ts_config_map,2,608,0,0,0,0,0,0,304,0,4,2,0,0,,,,
1430600154.35085,information_schema,sql_sizing,1,23,,,0,0,0,0,23,0,2,0,,,0,0,0,0
1430600154.35085,pg_toast,pg_toast_12339,0,0,0,0,0,0,0,0,0,0,0,0,0,0,,,,
1430600154.35085,information_schema,sql_packages,1,10,,,0,0,0,0,10,0,2,0,,,0,0,0,0
1430600154.35085,pg_toast,pg_toast_2606,0,0,0,0,0,0,0,0,0,0,0,0,0,0,,,,
1430600154.35085,pg_catalog,pg_pltemplate,24,192,0,0,0,0,0,0,8,0,24,12,0,0,,,,
1430600154.35085,public,district,49652,1865080,44531,44531,40,42013,0,40913,40,15320,401,6367892,6,67014,,,,
1430600154.35085,pg_catalog,pg_auth_members,36,0,0,0,0,0,0,0,0,0,0,0,0,0,,,,
1430600154.35085,pg_catalog,pg_depend,3,20120,2731,2507,348,0,256,0,6672,256,103,3172,39,6884,,,,
1430600154.35085,pg_toast,pg_toast_2604,0,0,0,0,0,0,0,0,0,0,0,0,0,0,,,,
1430600154.35085,pg_catalog,pg_shseclabel,24,0,12,0,0,0,0,0,0,0,0,0,12,0,,,,
1430600154.35085,public,item,4,400000,227664,227465,100000,0,0,0,100000,0,11332,227780,512,455979,,,,
1430600154.35085,information_schema,sql_features,1,672,,,0,0,0,0,672,0,14,0,,,0,0,0,0
1430600154.35085,pg_toast,pg_toast_12319,0,0,0,0,0,0,0,0,0,0,0,0,0,0,,,,
1430600154.35085,pg_catalog,pg_description,2,7372,252,0,0,0,0,0,3686,0,64,32,6,501,0,0,0,0
1430600154.35085,pg_catalog,pg_namespace,9,54,572,450,0,0,0,0,6,0,3,457,12,702,,,,
1430600154.35085,information_schema,sql_sizing_profiles,1,0,,,0,0,0,0,0,0,0,0,,,0,0,0,0
1430600154.35085,pg_catalog,pg_foreign_server,3,0,0,0,0,0,0,0,0,0,0,0,0,0,,,,
1430600214.38638,pg_catalog,pg_operator,3,2295,1555,10145,0,0,0,0,765,0,45,7069,26,3294,,,,
1430600214.38638,pg_catalog,pg_extension,3,3,0,0,0,0,0,0,1,0,2,2,0,0,,,,
1430600214.38638,pg_catalog,pg_authid,424,424,9887,9887,0,0,0,0,1,0,79,10244,266,19508,,,,
1430600214.38638,pg_catalog,pg_statistic,2,798,5911,5714,92,404,0,168,491,10,71,6710,19,12593,34,1669,4,1210
1430600214.38638,pg_catalog,pg_opfamily,3,258,0,0,0,0,0,0,86,0,4,4,0,0,,,,
1430600214.38638,public,history,1,120000,,,158905,0,0,0,158905,0,3032,44873,,,,,,
1430600214.38638,pg_catalog,pg_shdescription,28,81,12,0,0,0,0,0,3,0,25,15,25,0,0,0,0,0
1430600214.38638,pg_catalog,pg_event_trigger,3,0,27,0,0,0,0,0,0,0,0,0,2,25,,,,
1430600214.38638,pg_catalog,pg_user_mapping,3,0,0,0,0,0,0,0,0,0,0,0,0,0,,,,
1430600214.38638,pg_catalog,pg_inherits,3,0,84,0,0,0,0,0,0,0,0,0,2,82,,,,
1430600214.38638,pg_toast,pg_toast_3596,0,0,0,0,0,0,0,0,0,0,0,0,0,0,,,,
1430600214.38638,pg_catalog,pg_rewrite,3,327,23,23,0,0,0,0,109,0,32,35,6,34,57,48,12,166
1430600214.38638,public,customer,6,720000,184285,468949,120000,74975,0,44512,118411,40975,295528,455821,39019,705436,,,,
1430600214.38638,pg_catalog,pg_foreign_data_wrapper,3,0,0,0,0,0,0,0,0,0,0,0,0,0,,,,
1430600214.38638,pg_catalog,pg_largeobject_metadata,2,0,0,0,0,0,0,0,0,0,0,0,0,0,,,,
1430600214.38638,pg_catalog,pg_opclass,7,388,930,12070,0,0,0,0,128,0,13,4549,18,1111,,,,
1430600214.38638,pg_catalog,pg_attrdef,3,0,0,0,0,0,0,0,0,0,0,0,0,0,0,0,0,0
1430600214.38638,pg_catalog,pg_default_acl,3,0,59,0,0,0,0,0,0,0,0,0,2,57,,,,
1430600214.38638,pg_catalog,pg_aggregate,2,266,85,85,0,0,0,0,133,0,6,85,6,124,,,,
1430600214.38638,pg_toast,pg_toast_12329,0,0,0,0,0,0,0,0,0,0,0,0,0,0,,,,
1430600214.38638,pg_catalog,pg_ts_dict,3,48,0,0,0,0,0,0,16,0,2,2,0,0,,,,
1430600214.38638,pg_catalog,pg_index,35,2356,2181,2605,27,0,17,0,123,17,18,2314,18,2467,,,,
1430600214.38638,pg_catalog,pg_tablespace,75,150,3735,3735,0,0,0,0,2,0,65,3757,126,7382,,,,
1430600214.38638,pg_toast,pg_toast_2619,0,0,1089,3723,74,0,14,0,60,14,34,1669,4,1210,,,,
1430600214.38638,public,new_order,4,144000,72140,69142,77188,0,32850,0,43932,23070,960,186553,468,329197,,,,
1430600214.38638,pg_catalog,pg_constraint,5,50,8,0,8,0,0,0,10,0,6,33,8,64,0,0,0,0
1430600214.38638,pg_toast,pg_toast_2618,0,0,77,241,0,0,0,0,0,0,57,48,6,83,,,,
1430600214.38638,pg_catalog,pg_cast,3,594,7079,1592,0,0,0,0,198,0,7,1593,8,7156,,,,
1430600214.38638,pg_catalog,pg_ts_config,3,48,0,0,0,0,0,0,16,0,2,2,0,0,,,,
1430600214.38638,pg_catalog,pg_ts_parser,3,3,0,0,0,0,0,0,1,0,2,2,0,0,,,,
1430600214.38638,pg_toast,pg_toast_2620,0,0,0,0,0,0,0,0,0,0,0,0,0,0,,,,
1430600214.38638,pg_toast,pg_toast_2396,0,0,0,0,0,0,0,0,0,0,0,0,0,0,,,,
1430600214.38638,pg_catalog,pg_largeobject,2,0,0,0,0,0,0,0,0,0,0,0,0,0,,,,
1430600214.38638,pg_catalog,pg_enum,4,0,0,0,0,0,0,0,0,0,0,0,0,0,,,,
1430600214.38638,pg_catalog,pg_foreign_table,2,0,0,0,0,0,0,0,0,0,0,0,0,0,,,,
1430600214.38638,pg_catalog,pg_collation,3,1806,0,0,0,0,0,0,602,0,38,38,0,0,,,,
1430600214.38638,pg_catalog,pg_am,146,158,0,0,0,0,0,0,5,0,5,142,0,0,,,,
1430600214.38638,pg_catalog,pg_proc,3,8073,2183,2884,6,0,0,0,2691,0,181,2620,50,4584,0,0,0,0
1430600214.38638,pg_catalog,pg_shdepend,36,36,4082,1021,0,0,0,0,1,0,25,1044,100,4248,,,,
1430600214.38638,pg_catalog,pg_language,4,16,10,10,0,0,0,0,4,0,2,13,4,18,,,,
1430600214.38638,pg_catalog,pg_range,2,12,2,0,0,0,0,0,6,0,2,1,2,2,,,,
1430600214.38638,pg_catalog,pg_attribute,26,7916,7115,22215,1401,20,1219,1,2491,1218,167,11307,47,20052,,,,
1430600214.38638,public,order_line,4,4552236,79348,937333,1569973,342152,0,54595,1455440,277101,96557,2154709,14098,2406902,,,,
1430600214.38638,pg_catalog,pg_database,2157,8388,64618,64592,13,0,12,0,4,0,38,66772,337,77415,,,,
1430600214.38638,public,stock,4,1600000,1081081,873846,400000,431914,0,0,400000,431914,290019,2238439,25545,4531446,,,,
1430600214.38638,pg_catalog,pg_conversion,4,528,0,0,0,0,0,0,132,0,6,9,0,0,,,,
1430600214.38638,pg_catalog,pg_type,3,1099,3377,3018,173,0,151,0,361,0,30,3388,23,7421,,,,
1430600214.38638,pg_catalog,pg_trigger,4,0,0,0,0,0,0,0,0,0,0,0,0,0,0,0,0,0
1430600214.38638,information_schema,sql_implementation_info,1,12,,,0,0,0,0,12,0,2,0,,,0,0,0,0
1430600214.38638,information_schema,sql_languages,1,4,,,0,0,0,0,4,0,2,0,,,0,0,0,0
1430600214.38638,pg_toast,pg_toast_12309,0,0,0,0,0,0,0,0,0,0,0,0,0,0,,,,
1430600214.38638,pg_toast,pg_toast_12334,0,0,0,0,0,0,0,0,0,0,0,0,0,0,,,,
1430600214.38638,pg_catalog,pg_amop,4,1744,1089,1442,0,0,0,0,436,0,14,1448,27,2323,,,,
1430600214.38638,pg_toast,pg_toast_1255,0,0,0,0,0,0,0,0,0,0,0,0,0,0,,,,
1430600214.38638,pg_toast,pg_toast_12314,0,0,0,0,0,0,0,0,0,0,0,0,0,0,,,,
1430600214.38638,pg_toast,pg_toast_12324,0,0,0,0,0,0,0,0,0,0,0,0,0,0,,,,
1430600214.38638,pg_catalog,pg_amproc,7,1040,631,955,0,0,0,0,344,0,10,633,13,1381,,,,
1430600214.38638,pg_toast,pg_toast_2964,0,0,0,0,0,0,0,0,0,0,0,0,0,0,,,,
1430600214.38638,pg_catalog,pg_ts_template,3,15,0,0,0,0,0,0,5,0,2,2,0,0,,,,
1430600214.38638,pg_catalog,pg_db_role_setting,36,0,26248,0,0,0,0,0,0,0,0,0,80,26168,0,0,0,0
1430600214.38638,pg_toast,pg_toast_2609,0,0,0,0,0,0,0,0,0,0,0,0,0,0,,,,
1430600214.38638,information_schema,sql_parts,1,9,,,0,0,0,0,9,0,2,0,,,0,0,0,0
1430600214.38638,public,warehouse,77797,235792,60054,60054,4,38905,0,38091,4,12361,424,6252986,3,60948,,,,
1430600214.38638,pg_catalog,pg_class,64,9520,7109,6372,122,324,101,67,316,369,39,8158,45,13335,,,,
1430600214.38638,pg_catalog,pg_seclabel,2,0,252,0,0,0,0,0,0,0,0,0,2,250,0,0,0,0
1430600214.38638,public,orders,6,720000,75817,78360,161188,36070,0,13845,160881,24682,8256,208668,24251,587736,,,,
1430600214.38638,pg_catalog,pg_ts_config_map,2,608,0,0,0,0,0,0,304,0,4,2,0,0,,,,
1430600214.38638,information_schema,sql_sizing,1,23,,,0,0,0,0,23,0,2,0,,,0,0,0,0
1430600214.38638,pg_toast,pg_toast_12339,0,0,0,0,0,0,0,0,0,0,0,0,0,0,,,,
1430600214.38638,information_schema,sql_packages,1,10,,,0,0,0,0,10,0,2,0,,,0,0,0,0
1430600214.38638,pg_toast,pg_toast_2606,0,0,0,0,0,0,0,0,0,0,0,0,0,0,,,,
1430600214.38638,pg_catalog,pg_pltemplate,24,192,0,0,0,0,0,0,8,0,24,12,0,0,,,,
1430600214.38638,public,district,92404,3470320,86511,86511,40,80093,0,77905,40,25665,806,28200304,8,155453,,,,
1430600214.38638,pg_catalog,pg_auth_members,36,0,0,0,0,0,0,0,0,0,0,0,0,0,,,,
1430600214.38638,pg_catalog,pg_depend,3,20120,2731,2507,348,0,256,0,6672,256,103,3172,39,6884,,,,
1430600214.38638,pg_toast,pg_toast_2604,0,0,0,0,0,0,0,0,0,0,0,0,0,0,,,,
1430600214.38638,pg_catalog,pg_shseclabel,24,0,12,0,0,0,0,0,0,0,0,0,12,0,,,,
1430600214.38638,public,item,4,400000,432302,431914,100000,0,0,0,100000,0,21538,422023,888,865844,,,,
1430600214.38638,information_schema,sql_features,1,672,,,0,0,0,0,672,0,14,0,,,0,0,0,0
1430600214.38638,pg_toast,pg_toast_12319,0,0,0,0,0,0,0,0,0,0,0,0,0,0,,,,
1430600214.38638,pg_catalog,pg_description,2,7372,252,0,0,0,0,0,3686,0,64,32,6,501,0,0,0,0
1430600214.38638,pg_catalog,pg_namespace,11,66,710,583,0,0,0,0,6,0,4,591,16,843,,,,
1430600214.38638,information_schema,sql_sizing_profiles,1,0,,,0,0,0,0,0,0,0,0,,,0,0,0,0
1430600214.38638,pg_catalog,pg_foreign_server,3,0,0,0,0,0,0,0,0,0,0,0,0,0,,,,
1430600274.40599,pg_catalog,pg_operator,3,2295,1586,10176,0,0,0,0,765,0,56,7089,38,3353,,,,
1430600274.40599,pg_catalog,pg_extension,3,3,0,0,0,0,0,0,1,0,2,2,0,0,,,,
1430600274.40599,pg_catalog,pg_authid,425,425,9898,9898,0,0,0,0,1,0,81,10254,272,19524,,,,
1430600274.40599,pg_catalog,pg_statistic,2,798,7757,7554,92,505,0,192,491,108,108,8797,31,16434,57,2156,8,1460
1430600274.40599,pg_catalog,pg_opfamily,3,258,0,0,0,0,0,0,86,0,4,4,0,0,,,,
1430600274.40599,public,history,1,120000,,,181830,0,0,0,181088,0,5041,68400,,,,,,
1430600274.40599,pg_catalog,pg_shdescription,28,81,12,0,0,0,0,0,3,0,25,15,25,0,0,0,0,0
1430600274.40599,pg_catalog,pg_event_trigger,3,0,27,0,0,0,0,0,0,0,0,0,2,25,,,,
1430600274.40599,pg_catalog,pg_user_mapping,3,0,0,0,0,0,0,0,0,0,0,0,0,0,,,,
1430600274.40599,pg_catalog,pg_inherits,3,0,84,0,0,0,0,0,0,0,0,0,2,82,,,,
1430600274.40599,pg_toast,pg_toast_3596,0,0,0,0,0,0,0,0,0,0,0,0,0,0,,,,
1430600274.40599,pg_catalog,pg_rewrite,3,327,30,30,0,0,0,0,109,0,37,37,8,44,63,49,16,178
1430600274.40599,public,customer,6,720000,292500,747180,120000,118700,0,86933,116829,33914,449250,665485,64021,1016752,,,,
1430600274.40599,pg_catalog,pg_foreign_data_wrapper,3,0,0,0,0,0,0,0,0,0,0,0,0,0,,,,
1430600274.40599,pg_catalog,pg_largeobject_metadata,2,0,0,0,0,0,0,0,0,0,0,0,0,0,,,,
1430600274.40599,pg_catalog,pg_opclass,11,392,995,13276,0,0,0,0,128,0,22,4949,28,1175,,,,
1430600274.40599,pg_catalog,pg_attrdef,3,0,0,0,0,0,0,0,0,0,0,0,0,0,0,0,0,0
1430600274.40599,pg_catalog,pg_default_acl,3,0,59,0,0,0,0,0,0,0,0,0,2,57,,,,
1430600274.40599,pg_catalog,pg_aggregate,2,266,86,86,0,0,0,0,133,0,7,85,8,124,,,,
1430600274.40599,pg_toast,pg_toast_12329,0,0,0,0,0,0,0,0,0,0,0,0,0,0,,,,
1430600274.40599,pg_catalog,pg_ts_dict,3,48,0,0,0,0,0,0,16,0,2,2,0,0,,,,
1430600274.40599,pg_catalog,pg_index,54,2985,2658,3179,27,0,17,0,123,17,32,2813,34,2939,,,,
1430600274.40599,pg_catalog,pg_tablespace,75,150,3740,3740,0,0,0,0,2,0,66,3761,128,7390,,,,
1430600274.40599,pg_toast,pg_toast_2619,0,0,1310,4947,106,0,46,0,60,46,57,2156,8,1460,,,,
1430600274.40599,public,new_order,4,144000,113740,109059,101423,0,51910,0,48728,17940,2338,375193,1019,586254,,,,
1430600274.40599,pg_catalog,pg_constraint,5,50,8,0,8,0,0,0,10,0,6,33,8,64,0,0,0,0
1430600274.40599,pg_toast,pg_toast_2618,0,0,82,257,0,0,0,0,0,0,63,49,8,89,,,,
1430600274.40599,pg_catalog,pg_cast,3,594,7506,1649,0,0,0,0,198,0,11,1646,13,7584,,,,
1430600274.40599,pg_catalog,pg_ts_config,3,48,0,0,0,0,0,0,16,0,2,2,0,0,,,,
1430600274.40599,pg_catalog,pg_ts_parser,3,3,0,0,0,0,0,0,1,0,2,2,0,0,,,,
1430600274.40599,pg_toast,pg_toast_2620,0,0,0,0,0,0,0,0,0,0,0,0,0,0,,,,
1430600274.40599,pg_toast,pg_toast_2396,0,0,0,0,0,0,0,0,0,0,0,0,0,0,,,,
1430600274.40599,pg_catalog,pg_largeobject,2,0,0,0,0,0,0,0,0,0,0,0,0,0,,,,
1430600274.40599,pg_catalog,pg_enum,4,0,0,0,0,0,0,0,0,0,0,0,0,0,,,,
1430600274.40599,pg_catalog,pg_foreign_table,2,0,0,0,0,0,0,0,0,0,0,0,0,0,,,,
1430600274.40599,pg_catalog,pg_collation,3,1806,0,0,0,0,0,0,602,0,38,38,0,0,,,,
1430600274.40599,pg_catalog,pg_am,151,163,0,0,0,0,0,0,5,0,7,145,0,0,,,,
1430600274.40599,pg_catalog,pg_proc,3,8073,2261,2997,6,0,0,0,2691,0,194,2700,62,4738,0,0,0,0
1430600274.40599,pg_catalog,pg_shdepend,36,36,4082,1021,0,0,0,0,1,0,25,1044,100,4248,,,,
1430600274.40599,pg_catalog,pg_language,4,16,10,10,0,0,0,0,4,0,2,13,4,18,,,,
1430600274.40599,pg_catalog,pg_range,2,12,2,0,0,0,0,0,6,0,2,1,2,2,,,,
1430600274.40599,pg_catalog,pg_attribute,48,8066,8226,27454,1401,20,1219,1,2491,0,363,13139,102,22292,,,,
1430600274.40599,public,order_line,4,4552236,125307,1503192,1824537,556970,0,172879,1707403,411373,112521,3101577,21500,3601695,,,,
1430600274.40599,pg_catalog,pg_database,2160,8400,64686,64660,13,0,12,0,4,0,40,66841,350,77484,,,,
1430600274.40599,public,stock,4,1600000,1704232,1388177,400000,686478,0,0,400000,686478,428612,2972023,43931,7159534,,,,
1430600274.40599,pg_catalog,pg_conversion,4,528,0,0,0,0,0,0,132,0,6,9,0,0,,,,
1430600274.40599,pg_catalog,pg_type,3,1099,3486,3127,173,0,151,0,361,0,40,3487,31,7637,,,,
1430600274.40599,pg_catalog,pg_trigger,4,0,0,0,0,0,0,0,0,0,0,0,0,0,0,0,0,0
1430600274.40599,information_schema,sql_implementation_info,1,12,,,0,0,0,0,12,0,2,0,,,0,0,0,0
1430600274.40599,information_schema,sql_languages,1,4,,,0,0,0,0,4,0,2,0,,,0,0,0,0
1430600274.40599,pg_toast,pg_toast_12309,0,0,0,0,0,0,0,0,0,0,0,0,0,0,,,,
1430600274.40599,pg_toast,pg_toast_12334,0,0,0,0,0,0,0,0,0,0,0,0,0,0,,,,
1430600274.40599,pg_catalog,pg_amop,4,1744,1173,1535,0,0,0,0,436,0,23,1532,42,2486,,,,
1430600274.40599,pg_toast,pg_toast_1255,0,0,0,0,0,0,0,0,0,0,0,0,0,0,,,,
1430600274.40599,pg_toast,pg_toast_12314,0,0,0,0,0,0,0,0,0,0,0,0,0,0,,,,
1430600274.40599,pg_toast,pg_toast_12324,0,0,0,0,0,0,0,0,0,0,0,0,0,0,,,,
1430600274.40599,pg_catalog,pg_amproc,11,1048,677,1006,0,0,0,0,344,0,18,677,23,1468,,,,
1430600274.40599,pg_toast,pg_toast_2964,0,0,0,0,0,0,0,0,0,0,0,0,0,0,,,,
1430600274.40599,pg_catalog,pg_ts_template,3,15,0,0,0,0,0,0,5,0,2,2,0,0,,,,
1430600274.40599,pg_catalog,pg_db_role_setting,36,0,26276,0,0,0,0,0,0,0,0,0,83,26193,0,0,0,0
1430600274.40599,pg_toast,pg_toast_2609,0,0,0,0,0,0,0,0,0,0,0,0,0,0,,,,
1430600274.40599,information_schema,sql_parts,1,9,,,0,0,0,0,9,0,2,0,,,0,0,0,0
1430600274.40599,public,warehouse,77797,235792,130139,130139,4,61830,0,60548,0,1533,1248,6884652,4,131541,,,,
1430600274.40599,pg_catalog,pg_class,97,12404,8977,8240,122,324,101,67,316,0,85,10195,70,15565,,,,
1430600274.40599,pg_catalog,pg_seclabel,2,0,252,0,0,0,0,0,0,0,0,0,2,250,0,0,0,0
1430600274.40599,public,orders,6,720000,119640,126200,185423,56870,0,30851,184651,28931,15500,305738,40292,872926,,,,
1430600274.40599,pg_catalog,pg_ts_config_map,2,608,0,0,0,0,0,0,304,0,4,2,0,0,,,,
1430600274.40599,information_schema,sql_sizing,1,23,,,0,0,0,0,23,0,2,0,,,0,0,0,0
1430600274.40599,pg_toast,pg_toast_12339,0,0,0,0,0,0,0,0,0,0,0,0,0,0,,,,
1430600274.40599,information_schema,sql_packages,1,10,,,0,0,0,0,10,0,2,0,,,0,0,0,0
1430600274.40599,pg_toast,pg_toast_2606,0,0,0,0,0,0,0,0,0,0,0,0,0,0,,,,
1430600274.40599,pg_catalog,pg_pltemplate,24,192,0,0,0,0,0,0,8,0,24,12,0,0,,,,
1430600274.40599,public,district,112698,4231960,169129,169129,40,127253,0,124803,40,1151,890,44452339,9,329014,,,,
1430600274.40599,pg_catalog,pg_auth_members,36,0,0,0,0,0,0,0,0,0,0,0,0,0,,,,
1430600274.40599,pg_catalog,pg_depend,3,20120,2731,2507,348,0,256,0,6672,256,103,3172,39,6884,,,,
1430600274.40599,pg_toast,pg_toast_2604,0,0,0,0,0,0,0,0,0,0,0,0,0,0,,,,
1430600274.40599,pg_catalog,pg_shseclabel,24,0,12,0,0,0,0,0,0,0,0,0,12,0,,,,
1430600274.40599,public,item,4,400000,687132,686478,100000,0,0,0,100000,0,33193,664932,1302,1376278,,,,
1430600274.40599,information_schema,sql_features,1,672,,,0,0,0,0,672,0,14,0,,,0,0,0,0
1430600274.40599,pg_toast,pg_toast_12319,0,0,0,0,0,0,0,0,0,0,0,0,0,0,,,,
1430600274.40599,pg_catalog,pg_description,2,7372,252,0,0,0,0,0,3686,0,64,32,6,501,0,0,0,0
1430600274.40599,pg_catalog,pg_namespace,13,78,850,718,0,0,0,0,6,0,7,725,23,984,,,,
1430600274.40599,information_schema,sql_sizing_profiles,1,0,,,0,0,0,0,0,0,0,0,,,0,0,0,0
1430600274.40599,pg_catalog,pg_foreign_server,3,0,0,0,0,0,0,0,0,0,0,0,0,0,,,,
1430600334.40729,pg_catalog,pg_operator,3,2295,1603,10193,0,0,0,0,765,0,59,7103,44,3389,,,,
1430600334.40729,pg_catalog,pg_extension,3,3,0,0,0,0,0,0,1,0,2,2,0,0,,,,
1430600334.40729,pg_catalog,pg_authid,426,426,9908,9908,0,0,0,0,1,0,82,10264,276,19540,,,,
1430600334.40729,pg_catalog,pg_statistic,2,798,7902,7693,92,505,0,192,491,105,115,8929,35,16725,57,2156,8,1460
1430600334.40729,pg_catalog,pg_opfamily,3,258,0,0,0,0,0,0,86,0,4,4,0,0,,,,
1430600334.40729,public,history,1,120000,,,206866,0,0,0,205464,0,5360,94072,,,,,,
1430600334.40729,pg_catalog,pg_shdescription,28,81,12,0,0,0,0,0,3,0,25,15,25,0,0,0,0,0
1430600334.40729,pg_catalog,pg_event_trigger,3,0,27,0,0,0,0,0,0,0,0,0,2,25,,,,
1430600334.40729,pg_catalog,pg_user_mapping,3,0,0,0,0,0,0,0,0,0,0,0,0,0,,,,
1430600334.40729,pg_catalog,pg_inherits,3,0,84,0,0,0,0,0,0,0,0,0,2,82,,,,
1430600334.40729,pg_toast,pg_toast_3596,0,0,0,0,0,0,0,0,0,0,0,0,0,0,,,,
1430600334.40729,pg_catalog,pg_rewrite,3,327,37,37,0,0,0,0,109,0,42,39,10,54,69,50,20,190
1430600334.40729,public,customer,6,720000,411465,1049764,120000,167446,0,134433,116829,37523,596191,892316,88841,1360299,,,,
1430600334.40729,pg_catalog,pg_foreign_data_wrapper,3,0,0,0,0,0,0,0,0,0,0,0,0,0,,,,
1430600334.40729,pg_catalog,pg_largeobject_metadata,2,0,0,0,0,0,0,0,0,0,0,0,0,0,,,,
1430600334.40729,pg_catalog,pg_opclass,11,392,1051,13499,0,0,0,0,128,0,25,5054,32,1236,,,,
1430600334.40729,pg_catalog,pg_attrdef,3,0,0,0,0,0,0,0,0,0,0,0,0,0,0,0,0,0
1430600334.40729,pg_catalog,pg_default_acl,3,0,59,0,0,0,0,0,0,0,0,0,2,57,,,,
1430600334.40729,pg_catalog,pg_aggregate,2,266,87,87,0,0,0,0,133,0,8,85,10,124,,,,
1430600334.40729,pg_toast,pg_toast_12329,0,0,0,0,0,0,0,0,0,0,0,0,0,0,,,,
1430600334.40729,pg_catalog,pg_ts_dict,3,48,0,0,0,0,0,0,16,0,2,2,0,0,,,,
1430600334.40729,pg_catalog,pg_index,59,3600,2815,3349,27,0,17,0,123,17,33,2984,38,3103,,,,
1430600334.40729,pg_catalog,pg_tablespace,75,150,3745,3745,0,0,0,0,2,0,67,3765,130,7398,,,,
1430600334.40729,pg_toast,pg_toast_2619,0,0,1310,4947,106,0,46,0,60,46,57,2156,8,1460,,,,
1430600334.40729,public,new_order,4,144000,161160,154667,127636,0,73670,0,52681,11471,2908,700422,1365,900629,,,,
1430600334.40729,pg_catalog,pg_constraint,5,50,8,0,8,0,0,0,10,0,6,33,8,64,0,0,0,0
1430600334.40729,pg_toast,pg_toast_2618,0,0,87,273,0,0,0,0,0,0,69,50,10,95,,,,
1430600334.40729,pg_catalog,pg_cast,3,594,7575,1677,0,0,0,0,198,0,12,1673,15,7656,,,,
1430600334.40729,pg_catalog,pg_ts_config,3,48,0,0,0,0,0,0,16,0,2,2,0,0,,,,
1430600334.40729,pg_catalog,pg_ts_parser,3,3,0,0,0,0,0,0,1,0,2,2,0,0,,,,
1430600334.40729,pg_toast,pg_toast_2620,0,0,0,0,0,0,0,0,0,0,0,0,0,0,,,,
1430600334.40729,pg_toast,pg_toast_2396,0,0,0,0,0,0,0,0,0,0,0,0,0,0,,,,
1430600334.40729,pg_catalog,pg_largeobject,2,0,0,0,0,0,0,0,0,0,0,0,0,0,,,,
1430600334.40729,pg_catalog,pg_enum,4,0,0,0,0,0,0,0,0,0,0,0,0,0,,,,
1430600334.40729,pg_catalog,pg_foreign_table,2,0,0,0,0,0,0,0,0,0,0,0,0,0,,,,
1430600334.40729,pg_catalog,pg_collation,3,1806,0,0,0,0,0,0,602,0,38,38,0,0,,,,
1430600334.40729,pg_catalog,pg_am,157,169,0,0,0,0,0,0,5,0,8,150,0,0,,,,
1430600334.40729,pg_catalog,pg_proc,3,8073,2339,3110,6,0,0,0,2691,0,207,2780,74,4892,0,0,0,0
1430600334.40729,pg_catalog,pg_shdepend,36,36,4082,1021,0,0,0,0,1,0,25,1044,100,4248,,,,
1430600334.40729,pg_catalog,pg_language,4,16,10,10,0,0,0,0,4,0,2,13,4,18,,,,
1430600334.40729,pg_catalog,pg_range,2,12,2,0,0,0,0,0,6,0,2,1,2,2,,,,
1430600334.40729,pg_catalog,pg_attribute,48,8066,8624,28535,1401,20,1219,1,2491,0,372,13570,109,23129,,,,
1430600334.40729,public,order_line,4,4552236,177357,2140975,2099121,805988,0,325999,1979524,550796,132779,4101462,29583,4872812,,,,
1430600334.40729,pg_catalog,pg_database,2162,8408,64751,64725,13,0,12,0,4,0,41,66907,358,77553,,,,
1430600334.40729,public,stock,4,1600000,2369941,1942444,400000,961062,0,0,400000,961062,561735,3709947,61584,9977299,,,,
1430600334.40729,pg_catalog,pg_conversion,4,528,0,0,0,0,0,0,132,0,6,9,0,0,,,,
1430600334.40729,pg_catalog,pg_type,3,1099,3578,3219,173,0,151,0,361,0,44,3575,34,7823,,,,
1430600334.40729,pg_catalog,pg_trigger,4,0,0,0,0,0,0,0,0,0,0,0,0,0,0,0,0,0
1430600334.40729,information_schema,sql_implementation_info,1,12,,,0,0,0,0,12,0,2,0,,,0,0,0,0
1430600334.40729,information_schema,sql_languages,1,4,,,0,0,0,0,4,0,2,0,,,0,0,0,0
1430600334.40729,pg_toast,pg_toast_12309,0,0,0,0,0,0,0,0,0,0,0,0,0,0,,,,
1430600334.40729,pg_toast,pg_toast_12334,0,0,0,0,0,0,0,0,0,0,0,0,0,0,,,,
1430600334.40729,pg_catalog,pg_amop,4,1744,1206,1576,0,0,0,0,436,0,25,1571,48,2554,,,,
1430600334.40729,pg_toast,pg_toast_1255,0,0,0,0,0,0,0,0,0,0,0,0,0,0,,,,
1430600334.40729,pg_toast,pg_toast_12314,0,0,0,0,0,0,0,0,0,0,0,0,0,0,,,,
1430600334.40729,pg_toast,pg_toast_12324,0,0,0,0,0,0,0,0,0,0,0,0,0,0,,,,
1430600334.40729,pg_catalog,pg_amproc,11,1048,732,1109,0,0,0,0,344,0,19,731,26,1581,,,,
1430600334.40729,pg_toast,pg_toast_2964,0,0,0,0,0,0,0,0,0,0,0,0,0,0,,,,
1430600334.40729,pg_catalog,pg_ts_template,3,15,0,0,0,0,0,0,5,0,2,2,0,0,,,,
1430600334.40729,pg_catalog,pg_db_role_setting,36,0,26300,0,0,0,0,0,0,0,0,0,85,26215,0,0,0,0
1430600334.40729,pg_toast,pg_toast_2609,0,0,0,0,0,0,0,0,0,0,0,0,0,0,,,,
1430600334.40729,information_schema,sql_parts,1,9,,,0,0,0,0,9,0,2,0,,,0,0,0,0
1430600334.40729,public,warehouse,77797,235792,206424,206424,4,86866,0,85038,0,2345,1521,7571653,4,208372,,,,
1430600334.40729,pg_catalog,pg_class,143,14340,9760,8900,122,324,101,67,316,0,94,11175,83,16557,,,,
1430600334.40729,pg_catalog,pg_seclabel,2,0,252,0,0,0,0,0,0,0,0,0,2,250,0,0,0,0
1430600334.40729,public,orders,6,720000,169381,182196,211636,80580,0,49152,210598,35191,23434,417792,58497,1195357,,,,
1430600334.40729,pg_catalog,pg_ts_config_map,2,608,0,0,0,0,0,0,304,0,4,2,0,0,,,,
1430600334.40729,information_schema,sql_sizing,1,23,,,0,0,0,0,23,0,2,0,,,0,0,0,0
1430600334.40729,pg_toast,pg_toast_12339,0,0,0,0,0,0,0,0,0,0,0,0,0,0,,,,
1430600334.40729,information_schema,sql_packages,1,10,,,0,0,0,0,10,0,2,0,,,0,0,0,0
1430600334.40729,pg_toast,pg_toast_2606,0,0,0,0,0,0,0,0,0,0,0,0,0,0,,,,
1430600334.40729,pg_catalog,pg_pltemplate,24,192,0,0,0,0,0,0,8,0,24,12,0,0,,,,
1430600334.40729,public,district,112698,4231960,279035,279035,40,178502,0,175770,40,1191,1007,44873057,9,559955,,,,
1430600334.40729,pg_catalog,pg_auth_members,36,0,0,0,0,0,0,0,0,0,0,0,0,0,,,,
1430600334.40729,pg_catalog,pg_depend,3,20120,2731,2507,348,0,256,0,6672,256,103,3172,39,6884,,,,
1430600334.40729,pg_toast,pg_toast_2604,0,0,0,0,0,0,0,0,0,0,0,0,0,0,,,,
1430600334.40729,pg_catalog,pg_shseclabel,24,0,12,0,0,0,0,0,0,0,0,0,12,0,,,,
1430600334.40729,public,item,4,400000,961982,961062,100000,0,0,0,100000,0,44298,928411,1644,1926961,,,,
1430600334.40729,information_schema,sql_features,1,672,,,0,0,0,0,672,0,14,0,,,0,0,0,0
1430600334.40729,pg_toast,pg_toast_12319,0,0,0,0,0,0,0,0,0,0,0,0,0,0,,,,
1430600334.40729,pg_catalog,pg_description,2,7372,252,0,0,0,0,0,3686,0,64,32,6,501,0,0,0,0
1430600334.40729,pg_catalog,pg_namespace,15,90,988,851,0,0,0,0,6,0,8,859,27,1125,,,,
1430600334.40729,information_schema,sql_sizing_profiles,1,0,,,0,0,0,0,0,0,0,0,,,0,0,0,0
1430600334.40729,pg_catalog,pg_foreign_server,3,0,0,0,0,0,0,0,0,0,0,0,0,0,,,,
1430600394.40203,pg_catalog,pg_operator,3,2295,1620,10210,0,0,0,0,765,0,62,7117,50,3425,,,,
1430600394.40203,pg_catalog,pg_extension,3,3,0,0,0,0,0,0,1,0,2,2,0,0,,,,
1430600394.40203,pg_catalog,pg_authid,426,426,9908,9908,0,0,0,0,1,0,82,10264,276,19540,,,,
1430600394.40203,pg_catalog,pg_statistic,2,798,8247,8032,92,505,0,192,491,105,122,9261,39,17416,57,2156,8,1460
1430600394.40203,pg_catalog,pg_opfamily,3,258,0,0,0,0,0,0,86,0,4,4,0,0,,,,
1430600394.40203,public,history,1,120000,,,232279,0,0,0,230877,0,5661,120057,,,,,,
1430600394.40203,pg_catalog,pg_shdescription,28,81,12,0,0,0,0,0,3,0,25,15,25,0,0,0,0,0
1430600394.40203,pg_catalog,pg_event_trigger,3,0,27,0,0,0,0,0,0,0,0,0,2,25,,,,
1430600394.40203,pg_catalog,pg_user_mapping,3,0,0,0,0,0,0,0,0,0,0,0,0,0,,,,
1430600394.40203,pg_catalog,pg_inherits,3,0,84,0,0,0,0,0,0,0,0,0,2,82,,,,
1430600394.40203,pg_toast,pg_toast_3596,0,0,0,0,0,0,0,0,0,0,0,0,0,0,,,,
1430600394.40203,pg_catalog,pg_rewrite,3,327,44,44,0,0,0,0,109,0,47,41,12,64,75,51,24,202
1430600394.40203,public,customer,6,720000,530048,1345025,120000,215589,0,180987,119727,9660,740883,1114421,114262,1704052,,,,
1430600394.40203,pg_catalog,pg_foreign_data_wrapper,3,0,0,0,0,0,0,0,0,0,0,0,0,0,,,,
1430600394.40203,pg_catalog,pg_largeobject_metadata,2,0,0,0,0,0,0,0,0,0,0,0,0,0,,,,
1430600394.40203,pg_catalog,pg_opclass,11,392,1066,13681,0,0,0,0,128,0,28,5118,36,1254,,,,
1430600394.40203,pg_catalog,pg_attrdef,3,0,0,0,0,0,0,0,0,0,0,0,0,0,0,0,0,0
1430600394.40203,pg_catalog,pg_default_acl,3,0,59,0,0,0,0,0,0,0,0,0,2,57,,,,
1430600394.40203,pg_catalog,pg_aggregate,2,266,88,88,0,0,0,0,133,0,9,85,12,124,,,,
1430600394.40203,pg_toast,pg_toast_12329,0,0,0,0,0,0,0,0,0,0,0,0,0,0,,,,
1430600394.40203,pg_catalog,pg_ts_dict,3,48,0,0,0,0,0,0,16,0,2,2,0,0,,,,
1430600394.40203,pg_catalog,pg_index,64,4215,2971,3638,27,0,17,0,123,17,37,3151,43,3263,,,,
1430600394.40203,pg_catalog,pg_tablespace,75,150,3745,3745,0,0,0,0,2,0,67,3765,130,7398,,,,
1430600394.40203,pg_toast,pg_toast_2619,0,0,1310,4947,106,0,46,0,60,46,57,2156,8,1460,,,,
1430600394.40203,public,new_order,4,144000,206620,198188,153708,0,94290,0,57895,32329,3432,1129331,1699,1228901,,,,
1430600394.40203,pg_catalog,pg_constraint,5,50,8,0,8,0,0,0,10,0,6,33,8,64,0,0,0,0
1430600394.40203,pg_toast,pg_toast_2618,0,0,92,289,0,0,0,0,0,0,75,51,12,101,,,,
1430600394.40203,pg_catalog,pg_cast,3,594,7644,1705,0,0,0,0,198,0,13,1700,17,7728,,,,
1430600394.40203,pg_catalog,pg_ts_config,3,48,0,0,0,0,0,0,16,0,2,2,0,0,,,,
1430600394.40203,pg_catalog,pg_ts_parser,3,3,0,0,0,0,0,0,1,0,2,2,0,0,,,,
1430600394.40203,pg_toast,pg_toast_2620,0,0,0,0,0,0,0,0,0,0,0,0,0,0,,,,
1430600394.40203,pg_toast,pg_toast_2396,0,0,0,0,0,0,0,0,0,0,0,0,0,0,,,,
1430600394.40203,pg_catalog,pg_largeobject,2,0,0,0,0,0,0,0,0,0,0,0,0,0,,,,
1430600394.40203,pg_catalog,pg_enum,4,0,0,0,0,0,0,0,0,0,0,0,0,0,,,,
1430600394.40203,pg_catalog,pg_foreign_table,2,0,0,0,0,0,0,0,0,0,0,0,0,0,,,,
1430600394.40203,pg_catalog,pg_collation,3,1806,0,0,0,0,0,0,602,0,38,38,0,0,,,,
1430600394.40203,pg_catalog,pg_am,161,173,0,0,0,0,0,0,5,0,9,153,0,0,,,,
1430600394.40203,pg_catalog,pg_proc,3,8073,2417,3223,6,0,0,0,2691,0,220,2860,86,5046,0,0,0,0
1430600394.40203,pg_catalog,pg_shdepend,36,36,4082,1021,0,0,0,0,1,0,25,1044,100,4248,,,,
1430600394.40203,pg_catalog,pg_language,4,16,10,10,0,0,0,0,4,0,2,13,4,18,,,,
1430600394.40203,pg_catalog,pg_range,2,12,2,0,0,0,0,0,6,0,2,1,2,2,,,,
1430600394.40203,pg_catalog,pg_attribute,48,8066,9098,30886,1401,20,1219,1,2491,0,386,14192,116,24076,,,,
1430600394.40203,public,order_line,4,4552236,227485,2770483,2372440,1043969,0,466261,2250566,685510,155141,5095912,37676,6139631,,,,
1430600394.40203,pg_catalog,pg_database,2162,8408,64751,64725,13,0,12,0,4,0,41,66907,358,77553,,,,
1430600394.40203,public,stock,4,1600000,3046914,2495126,400000,1234381,0,0,400000,1234381,697741,4458421,79450,12824925,,,,
1430600394.40203,pg_catalog,pg_conversion,4,528,0,0,0,0,0,0,132,0,6,9,0,0,,,,
1430600394.40203,pg_catalog,pg_type,3,1099,3670,3311,173,0,151,0,361,0,48,3663,37,8009,,,,
1430600394.40203,pg_catalog,pg_trigger,4,0,0,0,0,0,0,0,0,0,0,0,0,0,0,0,0,0
1430600394.40203,information_schema,sql_implementation_info,1,12,,,0,0,0,0,12,0,2,0,,,0,0,0,0
1430600394.40203,information_schema,sql_languages,1,4,,,0,0,0,0,4,0,2,0,,,0,0,0,0
1430600394.40203,pg_toast,pg_toast_12309,0,0,0,0,0,0,0,0,0,0,0,0,0,0,,,,
1430600394.40203,pg_toast,pg_toast_12334,0,0,0,0,0,0,0,0,0,0,0,0,0,0,,,,
1430600394.40203,pg_catalog,pg_amop,4,1744,1239,1617,0,0,0,0,436,0,27,1610,54,2622,,,,
1430600394.40203,pg_toast,pg_toast_1255,0,0,0,0,0,0,0,0,0,0,0,0,0,0,,,,
1430600394.40203,pg_toast,pg_toast_12314,0,0,0,0,0,0,0,0,0,0,0,0,0,0,,,,
1430600394.40203,pg_toast,pg_toast_12324,0,0,0,0,0,0,0,0,0,0,0,0,0,0,,,,
1430600394.40203,pg_catalog,pg_amproc,11,1048,746,1130,0,0,0,0,344,0,20,744,29,1610,,,,
1430600394.40203,pg_toast,pg_toast_2964,0,0,0,0,0,0,0,0,0,0,0,0,0,0,,,,
1430600394.40203,pg_catalog,pg_ts_template,3,15,0,0,0,0,0,0,5,0,2,2,0,0,,,,
1430600394.40203,pg_catalog,pg_db_role_setting,36,0,26300,0,0,0,0,0,0,0,0,0,85,26215,0,0,0,0
1430600394.40203,pg_toast,pg_toast_2609,0,0,0,0,0,0,0,0,0,0,0,0,0,0,,,,
1430600394.40203,information_schema,sql_parts,1,9,,,0,0,0,0,9,0,2,0,,,0,0,0,0
1430600394.40203,public,warehouse,77797,235792,283322,283322,4,112279,0,109872,0,6823,1821,8397765,4,285849,,,,
1430600394.40203,pg_catalog,pg_class,149,16236,10580,9597,122,324,101,67,316,0,103,11912,97,17503,,,,
1430600394.40203,pg_catalog,pg_seclabel,2,0,252,0,0,0,0,0,0,0,0,0,2,250,0,0,0,0
1430600394.40203,public,orders,6,720000,217147,237992,237708,103310,0,64412,232745,8588,32660,533978,78230,1521759,,,,
1430600394.40203,pg_catalog,pg_ts_config_map,2,608,0,0,0,0,0,0,304,0,4,2,0,0,,,,
1430600394.40203,information_schema,sql_sizing,1,23,,,0,0,0,0,23,0,2,0,,,0,0,0,0
1430600394.40203,pg_toast,pg_toast_12339,0,0,0,0,0,0,0,0,0,0,0,0,0,0,,,,
1430600394.40203,information_schema,sql_packages,1,10,,,0,0,0,0,10,0,2,0,,,0,0,0,0
1430600394.40203,pg_toast,pg_toast_2606,0,0,0,0,0,0,0,0,0,0,0,0,0,0,,,,
1430600394.40203,pg_catalog,pg_pltemplate,24,192,0,0,0,0,0,0,8,0,24,12,0,0,,,,
1430600394.40203,public,district,112698,4231960,390411,390411,40,229987,0,226735,40,9428,1204,45447669,9,794249,,,,
1430600394.40203,pg_catalog,pg_auth_members,36,0,0,0,0,0,0,0,0,0,0,0,0,0,,,,
1430600394.40203,pg_catalog,pg_depend,3,20120,2731,2507,348,0,256,0,6672,256,103,3172,39,6884,,,,
1430600394.40203,pg_toast,pg_toast_2604,0,0,0,0,0,0,0,0,0,0,0,0,0,0,,,,
1430600394.40203,pg_catalog,pg_shseclabel,24,0,12,0,0,0,0,0,0,0,0,0,12,0,,,,
1430600394.40203,public,item,4,400000,1235539,1234381,100000,0,0,0,100000,0,55462,1190566,2024,2475010,,,,
1430600394.40203,information_schema,sql_features,1,672,,,0,0,0,0,672,0,14,0,,,0,0,0,0
1430600394.40203,pg_toast,pg_toast_12319,0,0,0,0,0,0,0,0,0,0,0,0,0,0,,,,
1430600394.40203,pg_catalog,pg_description,2,7372,252,0,0,0,0,0,3686,0,64,32,6,501,0,0,0,0
1430600394.40203,pg_catalog,pg_namespace,17,102,1126,984,0,0,0,0,6,0,9,993,31,1266,,,,
1430600394.40203,information_schema,sql_sizing_profiles,1,0,,,0,0,0,0,0,0,0,0,,,0,0,0,0
1430600394.40203,pg_catalog,pg_foreign_server,3,0,0,0,0,0,0,0,0,0,0,0,0,0,,,,
1430600454.4393,pg_catalog,pg_operator,3,2295,1638,10228,0,0,0,0,765,0,66,7131,59,3461,,,,
1430600454.4393,pg_catalog,pg_extension,3,3,0,0,0,0,0,0,1,0,2,2,0,0,,,,
1430600454.4393,pg_catalog,pg_authid,426,426,9908,9908,0,0,0,0,1,0,82,10264,276,19540,,,,
1430600454.4393,pg_catalog,pg_statistic,2,798,9116,8893,92,505,0,192,491,102,131,10113,46,19153,57,2996,8,1900
1430600454.4393,pg_catalog,pg_opfamily,3,258,0,0,0,0,0,0,86,0,4,4,0,0,,,,
1430600454.4393,public,history,1,120000,,,250638,0,0,0,249236,0,5876,138816,,,,,,
1430600454.4393,pg_catalog,pg_shdescription,28,81,12,0,0,0,0,0,3,0,25,15,25,0,0,0,0,0
1430600454.4393,pg_catalog,pg_event_trigger,3,0,27,0,0,0,0,0,0,0,0,0,2,25,,,,
1430600454.4393,pg_catalog,pg_user_mapping,3,0,0,0,0,0,0,0,0,0,0,0,0,0,,,,
1430600454.4393,pg_catalog,pg_inherits,3,0,84,0,0,0,0,0,0,0,0,0,2,82,,,,
1430600454.4393,pg_toast,pg_toast_3596,0,0,0,0,0,0,0,0,0,0,0,0,0,0,,,,
1430600454.4393,pg_catalog,pg_rewrite,3,327,52,52,0,0,0,0,109,0,53,43,16,74,82,52,32,214
1430600454.4393,public,customer,6,720000,616366,1564957,120000,250778,0,194257,117162,18079,900113,1369121,151975,2059934,,,,
1430600454.4393,pg_catalog,pg_foreign_data_wrapper,3,0,0,0,0,0,0,0,0,0,0,0,0,0,,,,
1430600454.4393,pg_catalog,pg_largeobject_metadata,2,0,0,0,0,0,0,0,0,0,0,0,0,0,,,,
1430600454.4393,pg_catalog,pg_opclass,11,392,1083,13865,0,0,0,0,128,0,31,5184,40,1275,,,,
1430600454.4393,pg_catalog,pg_attrdef,3,0,0,0,0,0,0,0,0,0,0,0,0,0,0,0,0,0
1430600454.4393,pg_catalog,pg_default_acl,3,0,59,0,0,0,0,0,0,0,0,0,2,57,,,,
1430600454.4393,pg_catalog,pg_aggregate,2,266,89,89,0,0,0,0,133,0,10,85,14,124,,,,
1430600454.4393,pg_toast,pg_toast_12329,0,0,0,0,0,0,0,0,0,0,0,0,0,0,,,,
1430600454.4393,pg_catalog,pg_ts_dict,3,48,0,0,0,0,0,0,16,0,2,2,0,0,,,,
1430600454.4393,pg_catalog,pg_index,69,4830,3053,3775,27,0,17,0,123,17,43,3242,49,3350,,,,
1430600454.4393,pg_catalog,pg_tablespace,75,150,3745,3745,0,0,0,0,2,0,67,3765,130,7398,,,,
1430600454.4393,pg_toast,pg_toast_2619,0,0,1750,7307,106,0,46,0,60,46,57,2996,8,1900,,,,
1430600454.4393,public,new_order,4,144000,240280,230143,172652,0,109230,0,61707,47461,3769,5365973,1959,1525151,,,,
1430600454.4393,pg_catalog,pg_constraint,5,50,8,0,8,0,0,0,10,0,6,33,8,64,0,0,0,0
1430600454.4393,pg_toast,pg_toast_2618,0,0,98,307,0,0,0,0,0,0,82,52,16,107,,,,
1430600454.4393,pg_catalog,pg_cast,3,594,7720,1738,0,0,0,0,198,0,15,1731,21,7806,,,,
1430600454.4393,pg_catalog,pg_ts_config,3,48,0,0,0,0,0,0,16,0,2,2,0,0,,,,
1430600454.4393,pg_catalog,pg_ts_parser,3,3,0,0,0,0,0,0,1,0,2,2,0,0,,,,
1430600454.4393,pg_toast,pg_toast_2620,0,0,0,0,0,0,0,0,0,0,0,0,0,0,,,,
1430600454.4393,pg_toast,pg_toast_2396,0,0,0,0,0,0,0,0,0,0,0,0,0,0,,,,
1430600454.4393,pg_catalog,pg_largeobject,2,0,0,0,0,0,0,0,0,0,0,0,0,0,,,,
1430600454.4393,pg_catalog,pg_enum,4,0,0,0,0,0,0,0,0,0,0,0,0,0,,,,
1430600454.4393,pg_catalog,pg_foreign_table,2,0,0,0,0,0,0,0,0,0,0,0,0,0,,,,
1430600454.4393,pg_catalog,pg_collation,3,1806,0,0,0,0,0,0,602,0,38,38,0,0,,,,
1430600454.4393,pg_catalog,pg_am,166,178,0,0,0,0,0,0,5,0,10,157,0,0,,,,
1430600454.4393,pg_catalog,pg_proc,3,8073,2501,3349,6,0,0,0,2691,0,239,2943,108,5204,0,0,0,0
1430600454.4393,pg_catalog,pg_shdepend,36,36,4082,1021,0,0,0,0,1,0,25,1044,100,4248,,,,
1430600454.4393,pg_catalog,pg_language,4,16,10,10,0,0,0,0,4,0,2,13,4,18,,,,
1430600454.4393,pg_catalog,pg_range,2,12,2,0,0,0,0,0,6,0,2,1,2,2,,,,
1430600454.4393,pg_catalog,pg_attribute,48,8066,9352,32080,1401,20,1219,1,2491,0,404,14471,125,24582,,,,
1430600454.4393,public,order_line,4,4552236,264611,3237958,2571541,1220726,0,480689,2447856,860211,176469,6224763,44475,7338459,,,,
1430600454.4393,pg_catalog,pg_database,2162,8408,64751,64725,13,0,12,0,4,0,41,66907,358,77553,,,,
1430600454.4393,public,stock,4,1600000,3541234,2897578,400000,1433482,0,0,400000,1433482,827266,6847170,111855,14886625,,,,
1430600454.4393,pg_catalog,pg_conversion,4,528,0,0,0,0,0,0,132,0,6,9,0,0,,,,
1430600454.4393,pg_catalog,pg_type,3,1099,3778,3419,173,0,151,0,361,0,55,3764,43,8225,,,,
1430600454.4393,pg_catalog,pg_trigger,4,0,0,0,0,0,0,0,0,0,0,0,0,0,0,0,0,0
1430600454.4393,information_schema,sql_implementation_info,1,12,,,0,0,0,0,12,0,2,0,,,0,0,0,0
1430600454.4393,information_schema,sql_languages,1,4,,,0,0,0,0,4,0,2,0,,,0,0,0,0
1430600454.4393,pg_toast,pg_toast_12309,0,0,0,0,0,0,0,0,0,0,0,0,0,0,,,,
1430600454.4393,pg_toast,pg_toast_12334,0,0,0,0,0,0,0,0,0,0,0,0,0,0,,,,
1430600454.4393,pg_catalog,pg_amop,4,1744,1278,1666,0,0,0,0,436,0,31,1655,66,2698,,,,
1430600454.4393,pg_toast,pg_toast_1255,0,0,0,0,0,0,0,0,0,0,0,0,0,0,,,,
1430600454.4393,pg_toast,pg_toast_12314,0,0,0,0,0,0,0,0,0,0,0,0,0,0,,,,
1430600454.4393,pg_toast,pg_toast_12324,0,0,0,0,0,0,0,0,0,0,0,0,0,0,,,,
1430600454.4393,pg_catalog,pg_amproc,11,1048,763,1156,0,0,0,0,344,0,21,760,32,1646,,,,
1430600454.4393,pg_toast,pg_toast_2964,0,0,0,0,0,0,0,0,0,0,0,0,0,0,,,,
1430600454.4393,pg_catalog,pg_ts_template,3,15,0,0,0,0,0,0,5,0,2,2,0,0,,,,
1430600454.4393,pg_catalog,pg_db_role_setting,36,0,26300,0,0,0,0,0,0,0,0,0,85,26215,0,0,0,0
1430600454.4393,pg_toast,pg_toast_2609,0,0,0,0,0,0,0,0,0,0,0,0,0,0,,,,
1430600454.4393,information_schema,sql_parts,1,9,,,0,0,0,0,9,0,2,0,,,0,0,0,0
1430600454.4393,public,warehouse,77797,235792,338984,338984,4,130638,0,127903,0,3169,2101,12255472,7,348387,,,,
1430600454.4393,pg_catalog,pg_class,155,18132,11010,9904,122,324,101,67,316,0,114,12257,109,17984,,,,
1430600454.4393,pg_catalog,pg_seclabel,2,0,252,0,0,0,0,0,0,0,0,0,2,250,0,0,0,0
1430600454.4393,public,orders,6,720000,252565,280783,256652,120140,0,66899,251497,24800,42020,637552,101589,1806036,,,,
1430600454.4393,pg_catalog,pg_ts_config_map,2,608,0,0,0,0,0,0,304,0,4,2,0,0,,,,
1430600454.4393,information_schema,sql_sizing,1,23,,,0,0,0,0,23,0,2,0,,,0,0,0,0
1430600454.4393,pg_toast,pg_toast_12339,0,0,0,0,0,0,0,0,0,0,0,0,0,0,,,,
1430600454.4393,information_schema,sql_packages,1,10,,,0,0,0,0,10,0,2,0,,,0,0,0,0
1430600454.4393,pg_toast,pg_toast_2606,0,0,0,0,0,0,0,0,0,0,0,0,0,0,,,,
1430600454.4393,pg_catalog,pg_pltemplate,24,192,0,0,0,0,0,0,8,0,24,12,0,0,,,,
1430600454.4393,public,district,112698,4231960,470975,470975,40,267290,0,262471,40,3698,1797,47815939,12,967280,,,,
1430600454.4393,pg_catalog,pg_auth_members,36,0,0,0,0,0,0,0,0,0,0,0,0,0,,,,
1430600454.4393,pg_catalog,pg_depend,3,20120,2731,2507,348,0,256,0,6672,256,103,3172,39,6884,,,,
1430600454.4393,pg_toast,pg_toast_2604,0,0,0,0,0,0,0,0,0,0,0,0,0,0,,,,
1430600454.4393,pg_catalog,pg_shseclabel,24,0,12,0,0,0,0,0,0,0,0,0,12,0,,,,
1430600454.4393,public,item,4,400000,1434832,1433482,100000,0,0,0,100000,0,72958,1372171,3186,2873380,,,,
1430600454.4393,information_schema,sql_features,1,672,,,0,0,0,0,672,0,14,0,,,0,0,0,0
1430600454.4393,pg_toast,pg_toast_12319,0,0,0,0,0,0,0,0,0,0,0,0,0,0,,,,
1430600454.4393,pg_catalog,pg_description,2,7372,252,0,0,0,0,0,3686,0,64,32,6,501,0,0,0,0
1430600454.4393,pg_catalog,pg_namespace,19,114,1267,1119,0,0,0,0,6,0,11,1128,37,1409,,,,
1430600454.4393,information_schema,sql_sizing_profiles,1,0,,,0,0,0,0,0,0,0,0,,,0,0,0,0
1430600454.4393,pg_catalog,pg_foreign_server,3,0,0,0,0,0,0,0,0,0,0,0,0,0,,,,
1430600514.48645,pg_catalog,pg_operator,3,2295,1660,10250,0,0,0,0,765,0,73,7146,66,3506,,,,
1430600514.48645,pg_catalog,pg_extension,3,3,0,0,0,0,0,0,1,0,2,2,0,0,,,,
1430600514.48645,pg_catalog,pg_authid,429,429,9939,9939,0,0,0,0,1,0,86,10294,290,19588,,,,
1430600514.48645,pg_catalog,pg_statistic,2,798,9609,9382,92,537,0,208,491,128,157,10679,52,20170,81,3122,10,1979
1430600514.48645,pg_catalog,pg_opfamily,3,258,0,0,0,0,0,0,86,0,4,4,0,0,,,,
1430600514.48645,public,history,1,120000,,,269811,0,0,0,268409,0,6125,158403,,,,,,
1430600514.48645,pg_catalog,pg_shdescription,28,81,12,0,0,0,0,0,3,0,25,15,25,0,0,0,0,0
1430600514.48645,pg_catalog,pg_event_trigger,3,0,27,0,0,0,0,0,0,0,0,0,2,25,,,,
1430600514.48645,pg_catalog,pg_user_mapping,3,0,0,0,0,0,0,0,0,0,0,0,0,0,,,,
1430600514.48645,pg_catalog,pg_inherits,3,0,84,0,0,0,0,0,0,0,0,0,2,82,,,,
1430600514.48645,pg_toast,pg_toast_3596,0,0,0,0,0,0,0,0,0,0,0,0,0,0,,,,
1430600514.48645,pg_catalog,pg_rewrite,3,327,58,58,0,0,0,0,109,0,57,45,16,84,87,53,32,226
1430600514.48645,public,customer,6,720000,707665,1795123,120000,288151,0,217348,117162,44824,1100733,1610193,195758,2381412,,,,
1430600514.48645,pg_catalog,pg_foreign_data_wrapper,3,0,0,0,0,0,0,0,0,0,0,0,0,0,,,,
1430600514.48645,pg_catalog,pg_largeobject_metadata,2,0,0,0,0,0,0,0,0,0,0,0,0,0,,,,
1430600514.48645,pg_catalog,pg_opclass,11,392,1113,14320,0,0,0,0,128,0,38,5331,49,1306,,,,
1430600514.48645,pg_catalog,pg_attrdef,3,0,0,0,0,0,0,0,0,0,0,0,0,0,0,0,0,0
1430600514.48645,pg_catalog,pg_default_acl,3,0,59,0,0,0,0,0,0,0,0,0,2,57,,,,
1430600514.48645,pg_catalog,pg_aggregate,2,266,90,90,0,0,0,0,133,0,11,85,16,124,,,,
1430600514.48645,pg_toast,pg_toast_12329,0,0,0,0,0,0,0,0,0,0,0,0,0,0,,,,
1430600514.48645,pg_catalog,pg_ts_dict,3,48,0,0,0,0,0,0,16,0,2,2,0,0,,,,
1430600514.48645,pg_catalog,pg_index,74,5445,3300,4035,27,0,17,0,123,17,51,3496,61,3596,,,,
1430600514.48645,pg_catalog,pg_tablespace,75,150,3760,3760,0,0,0,0,2,0,70,3777,136,7422,,,,
1430600514.48645,pg_toast,pg_toast_2619,0,0,1771,7365,165,0,75,0,90,75,81,3122,10,1979,,,,
1430600514.48645,public,new_order,4,144000,276680,264703,193019,0,125390,0,65729,63806,4231,8694382,2414,1895453,,,,
1430600514.48645,pg_catalog,pg_constraint,5,50,8,0,8,0,0,0,10,0,6,33,8,64,0,0,0,0
1430600514.48645,pg_toast,pg_toast_2618,0,0,102,321,0,0,0,0,0,0,87,53,16,113,,,,
1430600514.48645,pg_catalog,pg_cast,3,594,7896,1781,0,0,0,0,198,0,17,1772,23,7985,,,,
1430600514.48645,pg_catalog,pg_ts_config,3,48,0,0,0,0,0,0,16,0,2,2,0,0,,,,
1430600514.48645,pg_catalog,pg_ts_parser,3,3,0,0,0,0,0,0,1,0,2,2,0,0,,,,
1430600514.48645,pg_toast,pg_toast_2620,0,0,0,0,0,0,0,0,0,0,0,0,0,0,,,,
1430600514.48645,pg_toast,pg_toast_2396,0,0,0,0,0,0,0,0,0,0,0,0,0,0,,,,
1430600514.48645,pg_catalog,pg_largeobject,2,0,0,0,0,0,0,0,0,0,0,0,0,0,,,,
1430600514.48645,pg_catalog,pg_enum,4,0,0,0,0,0,0,0,0,0,0,0,0,0,,,,
1430600514.48645,pg_catalog,pg_foreign_table,2,0,0,0,0,0,0,0,0,0,0,0,0,0,,,,
1430600514.48645,pg_catalog,pg_collation,3,1806,0,0,0,0,0,0,602,0,38,38,0,0,,,,
1430600514.48645,pg_catalog,pg_am,172,184,0,0,0,0,0,0,5,0,12,161,0,0,,,,
1430600514.48645,pg_catalog,pg_proc,3,8073,2573,3449,6,0,0,0,2691,0,246,3020,110,5354,0,0,0,0
1430600514.48645,pg_catalog,pg_shdepend,36,36,4082,1021,0,0,0,0,1,0,25,1044,100,4248,,,,
1430600514.48645,pg_catalog,pg_language,4,16,10,10,0,0,0,0,4,0,2,13,4,18,,,,
1430600514.48645,pg_catalog,pg_range,2,12,2,0,0,0,0,0,6,0,2,1,2,2,,,,
1430600514.48645,pg_catalog,pg_attribute,48,8066,9901,35025,1401,20,1219,1,2491,0,436,15319,145,25669,,,,
1430600514.48645,public,order_line,4,4552236,304498,3734285,2785386,1412386,0,517516,2659843,1042838,199427,7355269,51762,8567288,,,,
1430600514.48645,pg_catalog,pg_database,2166,8424,64935,64909,13,0,12,0,4,0,45,67091,375,77752,,,,
1430600514.48645,public,stock,4,1600000,4064289,3330012,400000,1647327,0,0,382205,257772,1075725,8803801,160721,17068044,,,,
1430600514.48645,pg_catalog,pg_conversion,4,528,0,0,0,0,0,0,132,0,6,9,0,0,,,,
1430600514.48645,pg_catalog,pg_type,3,1099,3861,3502,173,0,151,0,361,0,59,3843,46,8393,,,,
1430600514.48645,pg_catalog,pg_trigger,4,0,0,0,0,0,0,0,0,0,0,0,0,0,0,0,0,0
1430600514.48645,information_schema,sql_implementation_info,1,12,,,0,0,0,0,12,0,2,0,,,0,0,0,0
1430600514.48645,information_schema,sql_languages,1,4,,,0,0,0,0,4,0,2,0,,,0,0,0,0
1430600514.48645,pg_toast,pg_toast_12309,0,0,0,0,0,0,0,0,0,0,0,0,0,0,,,,
1430600514.48645,pg_toast,pg_toast_12334,0,0,0,0,0,0,0,0,0,0,0,0,0,0,,,,
1430600514.48645,pg_catalog,pg_amop,4,1744,1329,1724,0,0,0,0,436,0,36,1708,73,2801,,,,
1430600514.48645,pg_toast,pg_toast_1255,0,0,0,0,0,0,0,0,0,0,0,0,0,0,,,,
1430600514.48645,pg_toast,pg_toast_12314,0,0,0,0,0,0,0,0,0,0,0,0,0,0,,,,
1430600514.48645,pg_toast,pg_toast_12324,0,0,0,0,0,0,0,0,0,0,0,0,0,0,,,,
1430600514.48645,pg_catalog,pg_amproc,11,1048,788,1187,0,0,0,0,344,0,24,779,40,1694,,,,
1430600514.48645,pg_toast,pg_toast_2964,0,0,0,0,0,0,0,0,0,0,0,0,0,0,,,,
1430600514.48645,pg_catalog,pg_ts_template,3,15,0,0,0,0,0,0,5,0,2,2,0,0,,,,
1430600514.48645,pg_catalog,pg_db_role_setting,36,0,26364,0,0,0,0,0,0,0,0,0,89,26275,0,0,0,0
1430600514.48645,pg_toast,pg_toast_2609,0,0,0,0,0,0,0,0,0,0,0,0,0,0,,,,
1430600514.48645,information_schema,sql_parts,1,9,,,0,0,0,0,9,0,2,0,,,0,0,0,0
1430600514.48645,public,warehouse,77797,235792,397697,397697,4,149811,0,146750,0,18296,3318,14791198,8,481352,,,,
1430600514.48645,pg_catalog,pg_class,166,20994,12056,10827,122,324,101,67,316,0,147,13245,126,19234,,,,
1430600514.48645,pg_catalog,pg_seclabel,2,0,252,0,0,0,0,0,0,0,0,0,2,250,0,0,0,0
1430600514.48645,public,orders,6,720000,290731,327561,277019,138340,0,71953,271679,40675,54286,742963,129215,2095570,,,,
1430600514.48645,pg_catalog,pg_ts_config_map,2,608,0,0,0,0,0,0,304,0,4,2,0,0,,,,
1430600514.48645,information_schema,sql_sizing,1,23,,,0,0,0,0,23,0,2,0,,,0,0,0,0
1430600514.48645,pg_toast,pg_toast_12339,0,0,0,0,0,0,0,0,0,0,0,0,0,0,,,,
1430600514.48645,information_schema,sql_packages,1,10,,,0,0,0,0,10,0,2,0,,,0,0,0,0
1430600514.48645,pg_toast,pg_toast_2606,0,0,0,0,0,0,0,0,0,0,0,0,0,0,,,,
1430600514.48645,pg_catalog,pg_pltemplate,24,192,0,0,0,0,0,0,8,0,24,12,0,0,,,,
1430600514.48645,public,district,112698,4231960,556520,556520,40,306830,0,300486,40,36141,4170,49812483,13,1156258,,,,
1430600514.48645,pg_catalog,pg_auth_members,36,0,0,0,0,0,0,0,0,0,0,0,0,0,,,,
1430600514.48645,pg_catalog,pg_depend,3,20120,2731,2507,348,0,256,0,6672,256,103,3172,39,6884,,,,
1430600514.48645,pg_toast,pg_toast_2604,0,0,0,0,0,0,0,0,0,0,0,0,0,0,,,,
1430600514.48645,pg_catalog,pg_shseclabel,24,0,12,0,0,0,0,0,0,0,0,0,12,0,,,,
1430600514.48645,public,item,4,400000,1648862,1647327,100000,0,0,0,100000,0,97260,1561714,5203,3300395,,,,
1430600514.48645,information_schema,sql_features,1,672,,,0,0,0,0,672,0,14,0,,,0,0,0,0
1430600514.48645,pg_toast,pg_toast_12319,0,0,0,0,0,0,0,0,0,0,0,0,0,0,,,,
1430600514.48645,pg_catalog,pg_description,2,7372,252,0,0,0,0,0,3686,0,64,32,6,501,0,0,0,0
1430600514.48645,pg_catalog,pg_namespace,21,126,1403,1251,0,0,0,0,6,0,12,1261,41,1548,,,,
1430600514.48645,information_schema,sql_sizing_profiles,1,0,,,0,0,0,0,0,0,0,0,,,0,0,0,0
1430600514.48645,pg_catalog,pg_foreign_server,3,0,0,0,0,0,0,0,0,0,0,0,0,0,,,,
1430600574.47267,pg_catalog,pg_operator,3,2295,1677,10267,0,0,0,0,765,0,76,7160,72,3542,,,,
1430600574.47267,pg_catalog,pg_extension,3,3,0,0,0,0,0,0,1,0,2,2,0,0,,,,
1430600574.47267,pg_catalog,pg_authid,429,429,9939,9939,0,0,0,0,1,0,86,10294,290,19588,,,,
1430600574.47267,pg_catalog,pg_statistic,2,798,10474,10241,92,537,0,208,491,128,164,11531,56,21901,81,3522,10,2179
1430600574.47267,pg_catalog,pg_opfamily,3,258,0,0,0,0,0,0,86,0,4,4,0,0,,,,
1430600574.47267,public,history,1,120000,,,284150,0,0,0,282151,0,7467,172028,,,,,,
1430600574.47267,pg_catalog,pg_shdescription,28,81,12,0,0,0,0,0,3,0,25,15,25,0,0,0,0,0
1430600574.47267,pg_catalog,pg_event_trigger,3,0,27,0,0,0,0,0,0,0,0,0,2,25,,,,
1430600574.47267,pg_catalog,pg_user_mapping,3,0,0,0,0,0,0,0,0,0,0,0,0,0,,,,
1430600574.47267,pg_catalog,pg_inherits,3,0,84,0,0,0,0,0,0,0,0,0,2,82,,,,
1430600574.47267,pg_toast,pg_toast_3596,0,0,0,0,0,0,0,0,0,0,0,0,0,0,,,,
1430600574.47267,pg_catalog,pg_rewrite,3,327,65,65,0,0,0,0,109,0,62,47,18,94,93,54,36,238
1430600574.47267,public,customer,6,720000,776216,1969133,120000,316140,0,226153,112190,63987,1298569,1839192,246664,2653751,,,,
1430600574.47267,pg_catalog,pg_foreign_data_wrapper,3,0,0,0,0,0,0,0,0,0,0,0,0,0,,,,
1430600574.47267,pg_catalog,pg_largeobject_metadata,2,0,0,0,0,0,0,0,0,0,0,0,0,0,,,,
1430600574.47267,pg_catalog,pg_opclass,11,392,1132,14506,0,0,0,0,128,0,41,5399,53,1332,,,,
1430600574.47267,pg_catalog,pg_attrdef,3,0,0,0,0,0,0,0,0,0,0,0,0,0,0,0,0,0
1430600574.47267,pg_catalog,pg_default_acl,3,0,59,0,0,0,0,0,0,0,0,0,2,57,,,,
1430600574.47267,pg_catalog,pg_aggregate,2,266,91,91,0,0,0,0,133,0,12,85,18,124,,,,
1430600574.47267,pg_toast,pg_toast_12329,0,0,0,0,0,0,0,0,0,0,0,0,0,0,,,,
1430600574.47267,pg_catalog,pg_ts_dict,3,48,0,0,0,0,0,0,16,0,2,2,0,0,,,,
1430600574.47267,pg_catalog,pg_index,79,6060,3380,4168,27,0,17,0,123,17,55,3587,65,3685,,,,
1430600574.47267,pg_catalog,pg_tablespace,75,150,3760,3760,0,0,0,0,2,0,70,3777,136,7422,,,,
1430600574.47267,pg_toast,pg_toast_2619,0,0,1971,8525,165,0,75,0,90,75,81,3522,10,2179,,,,
1430600574.47267,public,new_order,4,144000,303980,290425,208575,0,137290,0,69232,75859,6222,15749958,18868,2192754,,,,
1430600574.47267,pg_catalog,pg_constraint,5,50,8,0,8,0,0,0,10,0,6,33,8,64,0,0,0,0
1430600574.47267,pg_toast,pg_toast_2618,0,0,107,337,0,0,0,0,0,0,93,54,18,119,,,,
1430600574.47267,pg_catalog,pg_cast,3,594,7965,1809,0,0,0,0,198,0,18,1799,25,8057,,,,
1430600574.47267,pg_catalog,pg_ts_config,3,48,0,0,0,0,0,0,16,0,2,2,0,0,,,,
1430600574.47267,pg_catalog,pg_ts_parser,3,3,0,0,0,0,0,0,1,0,2,2,0,0,,,,
1430600574.47267,pg_toast,pg_toast_2620,0,0,0,0,0,0,0,0,0,0,0,0,0,0,,,,
1430600574.47267,pg_toast,pg_toast_2396,0,0,0,0,0,0,0,0,0,0,0,0,0,0,,,,
1430600574.47267,pg_catalog,pg_largeobject,2,0,0,0,0,0,0,0,0,0,0,0,0,0,,,,
1430600574.47267,pg_catalog,pg_enum,4,0,0,0,0,0,0,0,0,0,0,0,0,0,,,,
1430600574.47267,pg_catalog,pg_foreign_table,2,0,0,0,0,0,0,0,0,0,0,0,0,0,,,,
1430600574.47267,pg_catalog,pg_collation,3,1806,0,0,0,0,0,0,602,0,38,38,0,0,,,,
1430600574.47267,pg_catalog,pg_am,180,192,0,0,0,0,0,0,5,0,13,168,0,0,,,,
1430600574.47267,pg_catalog,pg_proc,3,8073,2651,3562,6,0,0,0,2691,0,259,3100,122,5508,0,0,0,0
1430600574.47267,pg_catalog,pg_shdepend,36,36,4082,1021,0,0,0,0,1,0,25,1044,100,4248,,,,
1430600574.47267,pg_catalog,pg_language,4,16,10,10,0,0,0,0,4,0,2,13,4,18,,,,
1430600574.47267,pg_catalog,pg_range,2,12,2,0,0,0,0,0,6,0,2,1,2,2,,,,
1430600574.47267,pg_catalog,pg_attribute,48,8066,10263,36836,1401,20,1219,1,2491,0,451,15788,152,26396,,,,
1430600574.47267,public,order_line,4,4552236,334499,4103401,2948591,1555698,0,524731,2821598,1186166,220577,8296126,58001,9557146,,,,
1430600574.47267,pg_catalog,pg_database,2166,8424,64935,64909,13,0,12,0,4,0,45,67091,375,77752,,,,
1430600574.47267,public,stock,4,1600000,4459763,3659309,400000,1810532,0,0,382205,420977,1571057,12605988,267552,18657662,,,,
1430600574.47267,pg_catalog,pg_conversion,4,528,0,0,0,0,0,0,132,0,6,9,0,0,,,,
1430600574.47267,pg_catalog,pg_type,3,1099,3953,3594,173,0,151,0,361,0,63,3931,49,8579,,,,
1430600574.47267,pg_catalog,pg_trigger,4,0,0,0,0,0,0,0,0,0,0,0,0,0,0,0,0,0
1430600574.47267,information_schema,sql_implementation_info,1,12,,,0,0,0,0,12,0,2,0,,,0,0,0,0
1430600574.47267,information_schema,sql_languages,1,4,,,0,0,0,0,4,0,2,0,,,0,0,0,0
1430600574.47267,pg_toast,pg_toast_12309,0,0,0,0,0,0,0,0,0,0,0,0,0,0,,,,
1430600574.47267,pg_toast,pg_toast_12334,0,0,0,0,0,0,0,0,0,0,0,0,0,0,,,,
1430600574.47267,pg_catalog,pg_amop,4,1744,1362,1765,0,0,0,0,436,0,38,1747,79,2869,,,,
1430600574.47267,pg_toast,pg_toast_1255,0,0,0,0,0,0,0,0,0,0,0,0,0,0,,,,
1430600574.47267,pg_toast,pg_toast_12314,0,0,0,0,0,0,0,0,0,0,0,0,0,0,,,,
1430600574.47267,pg_toast,pg_toast_12324,0,0,0,0,0,0,0,0,0,0,0,0,0,0,,,,
1430600574.47267,pg_catalog,pg_amproc,11,1048,806,1216,0,0,0,0,344,0,25,796,43,1735,,,,
1430600574.47267,pg_toast,pg_toast_2964,0,0,0,0,0,0,0,0,0,0,0,0,0,0,,,,
1430600574.47267,pg_catalog,pg_ts_template,3,15,0,0,0,0,0,0,5,0,2,2,0,0,,,,
1430600574.47267,pg_catalog,pg_db_role_setting,36,0,26364,0,0,0,0,0,0,0,0,0,89,26275,0,0,0,0
1430600574.47267,pg_toast,pg_toast_2609,0,0,0,0,0,0,0,0,0,0,0,0,0,0,,,,
1430600574.47267,information_schema,sql_parts,1,9,,,0,0,0,0,9,0,2,0,,,0,0,0,0
1430600574.47267,public,warehouse,77797,235792,441931,441931,4,164150,0,160826,0,32440,3671,19932177,9,588536,,,,
1430600574.47267,pg_catalog,pg_class,172,22890,12684,11332,122,324,101,67,316,0,156,13790,138,19954,,,,
1430600574.47267,pg_catalog,pg_seclabel,2,0,252,0,0,0,0,0,0,0,0,0,2,250,0,0,0,0
1430600574.47267,public,orders,6,720000,319344,363642,292575,151990,0,73811,287082,54469,70280,821971,156264,2319587,,,,
1430600574.47267,pg_catalog,pg_ts_config_map,2,608,0,0,0,0,0,0,304,0,4,2,0,0,,,,
1430600574.47267,information_schema,sql_sizing,1,23,,,0,0,0,0,23,0,2,0,,,0,0,0,0
1430600574.47267,pg_toast,pg_toast_12339,0,0,0,0,0,0,0,0,0,0,0,0,0,0,,,,
1430600574.47267,information_schema,sql_packages,1,10,,,0,0,0,0,10,0,2,0,,,0,0,0,0
1430600574.47267,pg_toast,pg_toast_2606,0,0,0,0,0,0,0,0,0,0,0,0,0,0,,,,
1430600574.47267,pg_catalog,pg_pltemplate,24,192,0,0,0,0,0,0,8,0,24,12,0,0,,,,
1430600574.47267,public,district,112698,4231960,620585,620585,40,336725,0,329108,40,66036,4710,53447949,14,1299275,,,,
1430600574.47267,pg_catalog,pg_auth_members,36,0,0,0,0,0,0,0,0,0,0,0,0,0,,,,
1430600574.47267,pg_catalog,pg_depend,3,20120,2731,2507,348,0,256,0,6672,256,103,3172,39,6884,,,,
1430600574.47267,pg_toast,pg_toast_2604,0,0,0,0,0,0,0,0,0,0,0,0,0,0,,,,
1430600574.47267,pg_catalog,pg_shseclabel,24,0,12,0,0,0,0,0,0,0,0,0,12,0,,,,
1430600574.47267,public,item,4,400000,1812220,1810532,100000,0,0,0,100000,0,139504,1682675,12524,3620570,,,,
1430600574.47267,information_schema,sql_features,1,672,,,0,0,0,0,672,0,14,0,,,0,0,0,0
1430600574.47267,pg_toast,pg_toast_12319,0,0,0,0,0,0,0,0,0,0,0,0,0,0,,,,
1430600574.47267,pg_catalog,pg_description,2,7372,252,0,0,0,0,0,3686,0,64,32,6,501,0,0,0,0
1430600574.47267,pg_catalog,pg_namespace,23,138,1541,1384,0,0,0,0,6,0,13,1395,45,1689,,,,
1430600574.47267,information_schema,sql_sizing_profiles,1,0,,,0,0,0,0,0,0,0,0,,,0,0,0,0
1430600574.47267,pg_catalog,pg_foreign_server,3,0,0,0,0,0,0,0,0,0,0,0,0,0,,,,
1430600634.49414,pg_catalog,pg_operator,3,2295,1694,10284,0,0,0,0,765,0,79,7174,78,3578,,,,
1430600634.49414,pg_catalog,pg_extension,3,3,0,0,0,0,0,0,1,0,2,2,0,0,,,,
1430600634.49414,pg_catalog,pg_authid,429,429,9939,9939,0,0,0,0,1,0,86,10294,290,19588,,,,
1430600634.49414,pg_catalog,pg_statistic,2,798,10619,10380,92,537,0,208,491,128,174,11660,62,22190,81,3522,10,2179
1430600634.49414,pg_catalog,pg_opfamily,3,258,0,0,0,0,0,0,86,0,4,4,0,0,,,,
1430600634.49414,public,history,1,120000,,,295747,0,0,0,293748,0,11839,179613,,,,,,
1430600634.49414,pg_catalog,pg_shdescription,28,81,12,0,0,0,0,0,3,0,25,15,25,0,0,0,0,0
1430600634.49414,pg_catalog,pg_event_trigger,3,0,27,0,0,0,0,0,0,0,0,0,2,25,,,,
1430600634.49414,pg_catalog,pg_user_mapping,3,0,0,0,0,0,0,0,0,0,0,0,0,0,,,,
1430600634.49414,pg_catalog,pg_inherits,3,0,84,0,0,0,0,0,0,0,0,0,2,82,,,,
1430600634.49414,pg_toast,pg_toast_3596,0,0,0,0,0,0,0,0,0,0,0,0,0,0,,,,
1430600634.49414,pg_catalog,pg_rewrite,3,327,72,72,0,0,0,0,109,0,67,49,20,104,99,55,40,250
1430600634.49414,public,customer,6,720000,831862,2109693,120000,339157,0,231019,112190,86827,1510972,2070132,294260,2884170,,,,
1430600634.49414,pg_catalog,pg_foreign_data_wrapper,3,0,0,0,0,0,0,0,0,0,0,0,0,0,,,,
1430600634.49414,pg_catalog,pg_largeobject_metadata,2,0,0,0,0,0,0,0,0,0,0,0,0,0,,,,
1430600634.49414,pg_catalog,pg_opclass,11,392,1147,14688,0,0,0,0,128,0,44,5463,57,1350,,,,
1430600634.49414,pg_catalog,pg_attrdef,3,0,0,0,0,0,0,0,0,0,0,0,0,0,0,0,0,0
1430600634.49414,pg_catalog,pg_default_acl,3,0,59,0,0,0,0,0,0,0,0,0,2,57,,,,
1430600634.49414,pg_catalog,pg_aggregate,2,266,92,92,0,0,0,0,133,0,13,85,20,124,,,,
1430600634.49414,pg_toast,pg_toast_12329,0,0,0,0,0,0,0,0,0,0,0,0,0,0,,,,
1430600634.49414,pg_catalog,pg_ts_dict,3,48,0,0,0,0,0,0,16,0,2,2,0,0,,,,
1430600634.49414,pg_catalog,pg_index,84,6675,3496,4297,27,0,17,0,123,17,59,3714,70,3805,,,,
1430600634.49414,pg_catalog,pg_tablespace,75,150,3760,3760,0,0,0,0,2,0,70,3777,136,7422,,,,
1430600634.49414,pg_toast,pg_toast_2619,0,0,1971,8525,165,0,75,0,90,75,81,3522,10,2179,,,,
1430600634.49414,public,new_order,4,144000,326820,311346,220957,0,146620,0,72422,36701,8834,24520653,41446,2366880,,,,
1430600634.49414,pg_catalog,pg_constraint,5,50,8,0,8,0,0,0,10,0,6,33,8,64,0,0,0,0
1430600634.49414,pg_toast,pg_toast_2618,0,0,112,353,0,0,0,0,0,0,99,55,20,125,,,,
1430600634.49414,pg_catalog,pg_cast,3,594,8034,1837,0,0,0,0,198,0,19,1826,27,8129,,,,
1430600634.49414,pg_catalog,pg_ts_config,3,48,0,0,0,0,0,0,16,0,2,2,0,0,,,,
1430600634.49414,pg_catalog,pg_ts_parser,3,3,0,0,0,0,0,0,1,0,2,2,0,0,,,,
1430600634.49414,pg_toast,pg_toast_2620,0,0,0,0,0,0,0,0,0,0,0,0,0,0,,,,
1430600634.49414,pg_toast,pg_toast_2396,0,0,0,0,0,0,0,0,0,0,0,0,0,0,,,,
1430600634.49414,pg_catalog,pg_largeobject,2,0,0,0,0,0,0,0,0,0,0,0,0,0,,,,
1430600634.49414,pg_catalog,pg_enum,4,0,0,0,0,0,0,0,0,0,0,0,0,0,,,,
1430600634.49414,pg_catalog,pg_foreign_table,2,0,0,0,0,0,0,0,0,0,0,0,0,0,,,,
1430600634.49414,pg_catalog,pg_collation,3,1806,0,0,0,0,0,0,602,0,38,38,0,0,,,,
1430600634.49414,pg_catalog,pg_am,184,196,0,0,0,0,0,0,5,0,14,171,0,0,,,,
1430600634.49414,pg_catalog,pg_proc,3,8073,2729,3675,6,0,0,0,2691,0,272,3180,134,5662,0,0,0,0
1430600634.49414,pg_catalog,pg_shdepend,36,36,4082,1021,0,0,0,0,1,0,25,1044,100,4248,,,,
1430600634.49414,pg_catalog,pg_language,4,16,10,10,0,0,0,0,4,0,2,13,4,18,,,,
1430600634.49414,pg_catalog,pg_range,2,12,2,0,0,0,0,0,6,0,2,1,2,2,,,,
1430600634.49414,pg_catalog,pg_attribute,48,8066,10577,37507,1401,20,1219,1,2491,0,465,16090,159,27023,,,,
1430600634.49414,public,order_line,4,4552236,359487,4410434,3078215,1674960,0,531740,2949598,1306081,238506,9096710,64475,10358278,,,,
1430600634.49414,pg_catalog,pg_database,2166,8424,64935,64909,13,0,12,0,4,0,45,67091,375,77752,,,,
1430600634.49414,public,stock,4,1600000,4776756,3921240,400000,1940156,0,0,382205,550601,2411268,16965960,398386,19890508,,,,
1430600634.49414,pg_catalog,pg_conversion,4,528,0,0,0,0,0,0,132,0,6,9,0,0,,,,
1430600634.49414,pg_catalog,pg_type,3,1099,4045,3686,173,0,151,0,361,0,67,4019,52,8765,,,,
1430600634.49414,pg_catalog,pg_trigger,4,0,0,0,0,0,0,0,0,0,0,0,0,0,0,0,0,0
1430600634.49414,information_schema,sql_implementation_info,1,12,,,0,0,0,0,12,0,2,0,,,0,0,0,0
1430600634.49414,information_schema,sql_languages,1,4,,,0,0,0,0,4,0,2,0,,,0,0,0,0
1430600634.49414,pg_toast,pg_toast_12309,0,0,0,0,0,0,0,0,0,0,0,0,0,0,,,,
1430600634.49414,pg_toast,pg_toast_12334,0,0,0,0,0,0,0,0,0,0,0,0,0,0,,,,
1430600634.49414,pg_catalog,pg_amop,4,1744,1395,1806,0,0,0,0,436,0,40,1786,85,2937,,,,
1430600634.49414,pg_toast,pg_toast_1255,0,0,0,0,0,0,0,0,0,0,0,0,0,0,,,,
1430600634.49414,pg_toast,pg_toast_12314,0,0,0,0,0,0,0,0,0,0,0,0,0,0,,,,
1430600634.49414,pg_toast,pg_toast_12324,0,0,0,0,0,0,0,0,0,0,0,0,0,0,,,,
1430600634.49414,pg_catalog,pg_amproc,11,1048,820,1237,0,0,0,0,344,0,26,809,46,1764,,,,
1430600634.49414,pg_toast,pg_toast_2964,0,0,0,0,0,0,0,0,0,0,0,0,0,0,,,,
1430600634.49414,pg_catalog,pg_ts_template,3,15,0,0,0,0,0,0,5,0,2,2,0,0,,,,
1430600634.49414,pg_catalog,pg_db_role_setting,36,0,26364,0,0,0,0,0,0,0,0,0,89,26275,0,0,0,0
1430600634.49414,pg_toast,pg_toast_2609,0,0,0,0,0,0,0,0,0,0,0,0,0,0,,,,
1430600634.49414,information_schema,sql_parts,1,9,,,0,0,0,0,9,0,2,0,,,0,0,0,0
1430600634.49414,public,warehouse,77797,235792,477507,477507,4,175747,0,172223,0,44037,4032,26128150,9,677909,,,,
1430600634.49414,pg_catalog,pg_class,178,24786,13264,11789,122,324,101,67,316,0,165,14287,150,20622,,,,
1430600634.49414,pg_catalog,pg_seclabel,2,0,252,0,0,0,0,0,0,0,0,0,2,250,0,0,0,0
1430600634.49414,public,orders,6,720000,343241,393570,304957,163410,0,75964,299300,66053,87067,884590,181489,2496826,,,,
1430600634.49414,pg_catalog,pg_ts_config_map,2,608,0,0,0,0,0,0,304,0,4,2,0,0,,,,
1430600634.49414,information_schema,sql_sizing,1,23,,,0,0,0,0,23,0,2,0,,,0,0,0,0
1430600634.49414,pg_toast,pg_toast_12339,0,0,0,0,0,0,0,0,0,0,0,0,0,0,,,,
1430600634.49414,information_schema,sql_packages,1,10,,,0,0,0,0,10,0,2,0,,,0,0,0,0
1430600634.49414,pg_toast,pg_toast_2606,0,0,0,0,0,0,0,0,0,0,0,0,0,0,,,,
1430600634.49414,pg_catalog,pg_pltemplate,24,192,0,0,0,0,0,0,8,0,24,12,0,0,,,,
1430600634.49414,public,district,112698,4231960,672317,672317,40,360704,0,352075,40,90015,5465,57894784,19,1419219,,,,
1430600634.49414,pg_catalog,pg_auth_members,36,0,0,0,0,0,0,0,0,0,0,0,0,0,,,,
1430600634.49414,pg_catalog,pg_depend,3,20120,2731,2507,348,0,256,0,6672,256,103,3172,39,6884,,,,
1430600634.49414,pg_toast,pg_toast_2604,0,0,0,0,0,0,0,0,0,0,0,0,0,0,,,,
1430600634.49414,pg_catalog,pg_shseclabel,24,0,12,0,0,0,0,0,0,0,0,0,12,0,,,,
1430600634.49414,public,item,4,400000,1942008,1940156,100000,0,0,0,100000,0,188358,1763445,25113,3868138,,,,
1430600634.49414,information_schema,sql_features,1,672,,,0,0,0,0,672,0,14,0,,,0,0,0,0
1430600634.49414,pg_toast,pg_toast_12319,0,0,0,0,0,0,0,0,0,0,0,0,0,0,,,,
1430600634.49414,pg_catalog,pg_description,2,7372,252,0,0,0,0,0,3686,0,64,32,6,501,0,0,0,0
1430600634.49414,pg_catalog,pg_namespace,25,150,1679,1517,0,0,0,0,6,0,14,1529,49,1830,,,,
1430600634.49414,information_schema,sql_sizing_profiles,1,0,,,0,0,0,0,0,0,0,0,,,0,0,0,0
1430600634.49414,pg_catalog,pg_foreign_server,3,0,0,0,0,0,0,0,0,0,0,0,0,0,,,,
1430600694.5681,pg_catalog,pg_operator,3,2295,1717,10307,0,0,0,0,765,0,87,7189,88,3623,,,,
1430600694.5681,pg_catalog,pg_extension,3,3,0,0,0,0,0,0,1,0,2,2,0,0,,,,
1430600694.5681,pg_catalog,pg_authid,432,432,9970,9970,0,0,0,0,1,0,90,10324,304,19636,,,,
1430600694.5681,pg_catalog,pg_statistic,2,798,11455,11210,92,588,0,234,491,173,254,12573,87,23893,190,3708,14,2238
1430600694.5681,pg_catalog,pg_opfamily,3,258,0,0,0,0,0,0,86,0,4,4,0,0,,,,
1430600694.5681,public,history,1,120000,,,305746,0,0,0,303747,0,21028,183912,,,,,,
1430600694.5681,pg_catalog,pg_shdescription,28,81,12,0,0,0,0,0,3,0,25,15,25,0,0,0,0,0
1430600694.5681,pg_catalog,pg_event_trigger,3,0,27,0,0,0,0,0,0,0,0,0,2,25,,,,
1430600694.5681,pg_catalog,pg_user_mapping,3,0,0,0,0,0,0,0,0,0,0,0,0,0,,,,
1430600694.5681,pg_catalog,pg_inherits,3,0,84,0,0,0,0,0,0,0,0,0,2,82,,,,
1430600694.5681,pg_toast,pg_toast_3596,0,0,0,0,0,0,0,0,0,0,0,0,0,0,,,,
1430600694.5681,pg_catalog,pg_rewrite,3,327,79,79,0,0,0,0,109,0,72,51,22,114,105,56,44,262
1430600694.5681,public,customer,6,720000,879406,2228796,120000,358516,0,233988,112190,106108,1742343,2294435,337721,3083869,,,,
1430600694.5681,pg_catalog,pg_foreign_data_wrapper,3,0,0,0,0,0,0,0,0,0,0,0,0,0,,,,
1430600694.5681,pg_catalog,pg_largeobject_metadata,2,0,0,0,0,0,0,0,0,0,0,0,0,0,,,,
1430600694.5681,pg_catalog,pg_opclass,11,392,1179,15145,0,0,0,0,128,0,50,5613,65,1385,,,,
1430600694.5681,pg_catalog,pg_attrdef,3,0,0,0,0,0,0,0,0,0,0,0,0,0,0,0,0,0
1430600694.5681,pg_catalog,pg_default_acl,3,0,59,0,0,0,0,0,0,0,0,0,2,57,,,,
1430600694.5681,pg_catalog,pg_aggregate,2,266,93,93,0,0,0,0,133,0,14,85,22,124,,,,
1430600694.5681,pg_toast,pg_toast_12329,0,0,0,0,0,0,0,0,0,0,0,0,0,0,,,,
1430600694.5681,pg_catalog,pg_ts_dict,3,48,0,0,0,0,0,0,16,0,2,2,0,0,,,,
1430600694.5681,pg_catalog,pg_index,89,7290,3795,4691,27,0,17,0,123,17,71,4015,89,4098,,,,
1430600694.5681,pg_catalog,pg_tablespace,75,150,3775,3775,0,0,0,0,2,0,73,3789,142,7446,,,,
1430600694.5681,pg_toast,pg_toast_2619,0,0,2001,8647,196,0,136,0,40,122,190,3708,14,2238,,,,
1430600694.5681,public,new_order,4,144000,345540,328356,231668,0,154140,0,75515,44319,13721,33585955,77117,2502556,,,,
1430600694.5681,pg_catalog,pg_constraint,5,50,8,0,8,0,0,0,10,0,6,33,8,64,0,0,0,0
1430600694.5681,pg_toast,pg_toast_2618,0,0,117,369,0,0,0,0,0,0,105,56,22,131,,,,
1430600694.5681,pg_catalog,pg_cast,3,594,8217,1885,0,0,0,0,198,0,22,1871,31,8314,,,,
1430600694.5681,pg_catalog,pg_ts_config,3,48,0,0,0,0,0,0,16,0,2,2,0,0,,,,
1430600694.5681,pg_catalog,pg_ts_parser,3,3,0,0,0,0,0,0,1,0,2,2,0,0,,,,
1430600694.5681,pg_toast,pg_toast_2620,0,0,0,0,0,0,0,0,0,0,0,0,0,0,,,,
1430600694.5681,pg_toast,pg_toast_2396,0,0,0,0,0,0,0,0,0,0,0,0,0,0,,,,
1430600694.5681,pg_catalog,pg_largeobject,2,0,0,0,0,0,0,0,0,0,0,0,0,0,,,,
1430600694.5681,pg_catalog,pg_enum,4,0,0,0,0,0,0,0,0,0,0,0,0,0,,,,
1430600694.5681,pg_catalog,pg_foreign_table,2,0,0,0,0,0,0,0,0,0,0,0,0,0,,,,
1430600694.5681,pg_catalog,pg_collation,3,1806,0,0,0,0,0,0,602,0,38,38,0,0,,,,
1430600694.5681,pg_catalog,pg_am,191,203,0,0,0,0,0,0,5,0,16,176,0,0,,,,
1430600694.5681,pg_catalog,pg_proc,3,8073,2807,3788,6,0,0,0,2691,0,285,3260,146,5816,0,0,0,0
1430600694.5681,pg_catalog,pg_shdepend,36,36,4082,1021,0,0,0,0,1,0,25,1044,100,4248,,,,
1430600694.5681,pg_catalog,pg_language,4,16,10,10,0,0,0,0,4,0,2,13,4,18,,,,
1430600694.5681,pg_catalog,pg_range,2,12,2,0,0,0,0,0,6,0,2,1,2,2,,,,
1430600694.5681,pg_catalog,pg_attribute,48,8066,11252,40604,1401,20,1219,1,2491,0,506,17055,186,28355,,,,
1430600694.5681,public,order_line,4,4552236,380120,4668830,3191192,1773340,0,537691,3061594,1404464,254340,9768375,72422,11034607,,,,
1430600694.5681,pg_catalog,pg_database,2171,8444,65130,65104,13,0,12,0,4,0,49,67287,391,77965,,,,
1430600694.5681,public,stock,4,1600000,5054686,4149511,400000,2053133,0,0,382205,663578,3615884,21604881,531968,20956348,,,,
1430600694.5681,pg_catalog,pg_conversion,4,528,0,0,0,0,0,0,132,0,6,9,0,0,,,,
1430600694.5681,pg_catalog,pg_type,3,1099,4144,3785,173,0,151,0,361,0,74,4111,58,8963,,,,
1430600694.5681,pg_catalog,pg_trigger,4,0,0,0,0,0,0,0,0,0,0,0,0,0,0,0,0,0
1430600694.5681,information_schema,sql_implementation_info,1,12,,,0,0,0,0,12,0,2,0,,,0,0,0,0
1430600694.5681,information_schema,sql_languages,1,4,,,0,0,0,0,4,0,2,0,,,0,0,0,0
1430600694.5681,pg_toast,pg_toast_12309,0,0,0,0,0,0,0,0,0,0,0,0,0,0,,,,
1430600694.5681,pg_toast,pg_toast_12334,0,0,0,0,0,0,0,0,0,0,0,0,0,0,,,,
1430600694.5681,pg_catalog,pg_amop,4,1744,1452,1872,0,0,0,0,436,0,47,1845,98,3048,,,,
1430600694.5681,pg_toast,pg_toast_1255,0,0,0,0,0,0,0,0,0,0,0,0,0,0,,,,
1430600694.5681,pg_toast,pg_toast_12314,0,0,0,0,0,0,0,0,0,0,0,0,0,0,,,,
1430600694.5681,pg_toast,pg_toast_12324,0,0,0,0,0,0,0,0,0,0,0,0,0,0,,,,
1430600694.5681,pg_catalog,pg_amproc,11,1048,848,1273,0,0,0,0,344,0,29,831,54,1819,,,,
1430600694.5681,pg_toast,pg_toast_2964,0,0,0,0,0,0,0,0,0,0,0,0,0,0,,,,
1430600694.5681,pg_catalog,pg_ts_template,3,15,0,0,0,0,0,0,5,0,2,2,0,0,,,,
1430600694.5681,pg_catalog,pg_db_role_setting,36,0,26432,0,0,0,0,0,0,0,0,0,93,26339,0,0,0,0
1430600694.5681,pg_toast,pg_toast_2609,0,0,0,0,0,0,0,0,0,0,0,0,0,0,,,,
1430600694.5681,information_schema,sql_parts,1,9,,,0,0,0,0,9,0,2,0,,,0,0,0,0
1430600694.5681,public,warehouse,77797,235792,508216,508216,4,185746,0,182023,3,54250,4413,32953905,12,767252,,,,
1430600694.5681,pg_catalog,pg_class,188,27647,14491,12893,122,324,101,67,316,0,205,15451,173,22088,,,,
1430600694.5681,pg_catalog,pg_seclabel,2,0,252,0,0,0,0,0,0,0,0,0,2,250,0,0,0,0
1430600694.5681,public,orders,6,720000,362914,419539,315668,172770,0,77774,312954,50638,111502,938648,209599,2641687,,,,
1430600694.5681,pg_catalog,pg_ts_config_map,2,608,0,0,0,0,0,0,304,0,4,2,0,0,,,,
1430600694.5681,information_schema,sql_sizing,1,23,,,0,0,0,0,23,0,2,0,,,0,0,0,0
1430600694.5681,pg_toast,pg_toast_12339,0,0,0,0,0,0,0,0,0,0,0,0,0,0,,,,
1430600694.5681,information_schema,sql_packages,1,10,,,0,0,0,0,10,0,2,0,,,0,0,0,0
1430600694.5681,pg_toast,pg_toast_2606,0,0,0,0,0,0,0,0,0,0,0,0,0,0,,,,
1430600694.5681,pg_catalog,pg_pltemplate,24,192,0,0,0,0,0,0,8,0,24,12,0,0,,,,
1430600694.5681,public,district,112698,4231960,717014,717014,40,381414,0,371408,40,111825,7206,62935198,23,1528582,,,,
1430600694.5681,pg_catalog,pg_auth_members,36,0,0,0,0,0,0,0,0,0,0,0,0,0,,,,
1430600694.5681,pg_catalog,pg_depend,3,20120,2731,2507,348,0,256,0,6672,256,103,3172,39,6884,,,,
1430600694.5681,pg_toast,pg_toast_2604,0,0,0,0,0,0,0,0,0,0,0,0,0,0,,,,
1430600694.5681,pg_catalog,pg_shseclabel,24,0,12,0,0,0,0,0,0,0,0,0,12,0,,,,
1430600694.5681,public,item,4,400000,2055083,2053133,100000,0,0,0,100000,0,240698,1824082,42035,4077885,,,,
1430600694.5681,information_schema,sql_features,1,672,,,0,0,0,0,672,0,14,0,,,0,0,0,0
1430600694.5681,pg_toast,pg_toast_12319,0,0,0,0,0,0,0,0,0,0,0,0,0,0,,,,
1430600694.5681,pg_catalog,pg_description,2,7372,252,0,0,0,0,0,3686,0,64,32,6,501,0,0,0,0
1430600694.5681,pg_catalog,pg_namespace,27,162,1819,1652,0,0,0,0,6,0,17,1663,56,1971,,,,
1430600694.5681,information_schema,sql_sizing_profiles,1,0,,,0,0,0,0,0,0,0,0,,,0,0,0,0
1430600694.5681,pg_catalog,pg_foreign_server,3,0,0,0,0,0,0,0,0,0,0,0,0,0,,,,
1430600754.53462,pg_catalog,pg_operator,0,0,2,2,0,0,0,0,0,0,1,1,6,0,,,,
1430600754.53462,pg_catalog,pg_extension,0,0,0,0,0,0,0,0,0,0,0,0,0,0,,,,
1430600754.53462,pg_catalog,pg_authid,435,435,10015,10015,0,0,0,0,1,0,95,10367,318,19712,,,,
1430600754.53462,public,customer,0,0,,,240000,0,0,0,240000,0,18104,40764,,,,,,
1430600754.53462,pg_catalog,pg_statistic,0,0,1,1,0,0,0,0,0,0,1,0,3,0,0,0,0,0
1430600754.53462,pg_catalog,pg_opfamily,0,0,0,0,0,0,0,0,0,0,0,0,0,0,,,,
1430600754.53462,public,order_line,0,0,,,0,0,0,0,0,0,0,0,,,,,,
1430600754.53462,pg_catalog,pg_shdescription,28,81,13,0,0,0,0,0,3,0,25,15,27,0,0,0,0,0
1430600754.53462,pg_catalog,pg_event_trigger,0,0,9,0,0,0,0,0,0,0,0,0,1,8,,,,
1430600754.53462,pg_catalog,pg_user_mapping,0,0,0,0,0,0,0,0,0,0,0,0,0,0,,,,
1430600754.53462,pg_catalog,pg_inherits,0,0,0,0,0,0,0,0,0,0,0,0,0,0,,,,
1430600754.53462,pg_toast,pg_toast_3596,0,0,0,0,0,0,0,0,0,0,0,0,0,0,,,,
1430600754.53462,pg_catalog,pg_rewrite,0,0,0,0,0,0,0,0,0,0,0,0,0,0,0,0,0,0
1430600754.53462,pg_catalog,pg_foreign_data_wrapper,0,0,0,0,0,0,0,0,0,0,0,0,0,0,,,,
1430600754.53462,pg_catalog,pg_largeobject_metadata,0,0,0,0,0,0,0,0,0,0,0,0,0,0,,,,
1430600754.53462,pg_catalog,pg_opclass,2,2,32,32,0,0,0,0,0,0,1,33,2,49,,,,
1430600754.53462,pg_catalog,pg_attrdef,0,0,0,0,0,0,0,0,0,0,0,0,0,0,0,0,0,0
1430600754.53462,pg_catalog,pg_default_acl,0,0,36,0,0,0,0,0,0,0,0,0,1,35,,,,
1430600754.53462,pg_catalog,pg_aggregate,0,0,0,0,0,0,0,0,0,0,0,0,0,0,,,,
1430600754.53462,pg_toast,pg_toast_12329,0,0,0,0,0,0,0,0,0,0,0,0,0,0,,,,
1430600754.53462,public,new_order,0,0,,,0,0,0,0,0,0,0,0,,,,,,
1430600754.53462,pg_catalog,pg_ts_dict,0,0,0,0,0,0,0,0,0,0,0,0,0,0,,,,
1430600754.53462,pg_catalog,pg_index,7,7,150,196,0,0,0,0,0,0,3,167,4,175,,,,
1430600754.53462,public,warehouse,0,0,,,8,0,0,0,8,0,1,0,,,,,,
1430600754.53462,pg_catalog,pg_tablespace,78,156,3781,3781,0,0,0,0,2,0,75,3796,146,7454,,,,
1430600754.53462,pg_toast,pg_toast_2619,0,0,0,0,0,0,0,0,0,0,0,0,0,0,,,,
1430600754.53462,pg_catalog,pg_constraint,0,0,0,0,0,0,0,0,0,0,0,0,0,0,0,0,0,0
1430600754.53462,pg_toast,pg_toast_2618,0,0,0,0,0,0,0,0,0,0,0,0,0,0,,,,
1430600754.53462,pg_catalog,pg_cast,0,0,0,0,0,0,0,0,0,0,0,0,0,0,,,,
1430600754.53462,pg_catalog,pg_ts_config,0,0,0,0,0,0,0,0,0,0,0,0,0,0,,,,
1430600754.53462,pg_catalog,pg_ts_parser,0,0,0,0,0,0,0,0,0,0,0,0,0,0,,,,
1430600754.53462,pg_toast,pg_toast_2620,0,0,0,0,0,0,0,0,0,0,0,0,0,0,,,,
1430600754.53462,pg_toast,pg_toast_2396,0,0,0,0,0,0,0,0,0,0,0,0,0,0,,,,
1430600754.53462,pg_catalog,pg_largeobject,0,0,0,0,0,0,0,0,0,0,0,0,0,0,,,,
1430600754.53462,pg_catalog,pg_enum,0,0,0,0,0,0,0,0,0,0,0,0,0,0,,,,
1430600754.53462,pg_catalog,pg_foreign_table,0,0,0,0,0,0,0,0,0,0,0,0,0,0,,,,
1430600754.53462,pg_catalog,pg_collation,0,0,0,0,0,0,0,0,0,0,0,0,0,0,,,,
1430600754.53462,pg_catalog,pg_am,19,19,0,0,0,0,0,0,0,0,1,18,0,0,,,,
1430600754.53462,pg_catalog,pg_proc,0,0,1,1,0,0,0,0,0,0,1,0,3,0,0,0,0,0
1430600754.53462,pg_catalog,pg_shdepend,36,36,4095,1031,0,0,0,0,1,0,26,1053,104,4269,,,,
1430600754.53462,pg_catalog,pg_language,1,4,0,0,0,0,0,0,0,0,1,0,2,0,,,,
1430600754.53462,pg_catalog,pg_range,0,0,0,0,0,0,0,0,0,0,0,0,0,0,,,,
1430600754.53462,pg_catalog,pg_attribute,11,75,192,761,146,0,0,0,146,0,25,480,9,988,,,,
1430600754.53462,pg_catalog,pg_database,2178,8466,65261,65233,14,0,13,0,4,1,50,67425,410,78131,,,,
1430600754.53462,pg_catalog,pg_conversion,0,0,0,0,0,0,0,0,0,0,0,0,0,0,,,,
1430600754.53462,pg_catalog,pg_type,0,0,136,100,18,0,0,0,18,0,8,147,8,361,,,,
1430600754.53462,pg_catalog,pg_trigger,0,0,0,0,0,0,0,0,0,0,0,0,0,0,0,0,0,0
1430600754.53462,information_schema,sql_implementation_info,0,0,,,0,0,0,0,0,0,0,0,,,0,0,0,0
1430600754.53462,information_schema,sql_languages,0,0,,,0,0,0,0,0,0,0,0,,,0,0,0,0
1430600754.53462,public,orders,0,0,,,0,0,0,0,0,0,0,0,,,,,,
1430600754.53462,pg_toast,pg_toast_12309,0,0,0,0,0,0,0,0,0,0,0,0,0,0,,,,
1430600754.53462,pg_toast,pg_toast_12334,0,0,0,0,0,0,0,0,0,0,0,0,0,0,,,,
1430600754.53462,public,stock,0,0,,,800000,0,0,0,800000,0,34793,69554,,,,,,
1430600754.53462,pg_catalog,pg_amop,0,0,2,3,0,0,0,0,0,0,2,1,6,0,,,,
1430600754.53462,pg_toast,pg_toast_1255,0,0,0,0,0,0,0,0,0,0,0,0,0,0,,,,
1430600754.53462,pg_toast,pg_toast_12314,0,0,0,0,0,0,0,0,0,0,0,0,0,0,,,,
1430600754.53462,pg_toast,pg_toast_12324,0,0,0,0,0,0,0,0,0,0,0,0,0,0,,,,
1430600754.53462,pg_catalog,pg_amproc,2,4,32,61,0,0,0,0,0,0,3,35,3,80,,,,
1430600754.53462,pg_toast,pg_toast_2964,0,0,0,0,0,0,0,0,0,0,0,0,0,0,,,,
1430600754.53462,pg_catalog,pg_ts_template,0,0,0,0,0,0,0,0,0,0,0,0,0,0,,,,
1430600754.53462,pg_catalog,pg_db_role_setting,37,0,26536,0,0,0,0,0,0,0,0,0,98,26438,0,0,0,0
1430600754.53462,pg_toast,pg_toast_2609,0,0,0,0,0,0,0,0,0,0,0,0,0,0,,,,
1430600754.53462,information_schema,sql_parts,0,0,,,0,0,0,0,0,0,0,0,,,0,0,0,0
1430600754.53462,public,history,0,0,,,240000,0,0,0,240000,0,2574,5140,,,,,,
1430600754.53462,pg_catalog,pg_class,11,11,232,208,9,0,0,0,9,0,12,271,13,549,,,,
1430600754.53462,pg_catalog,pg_seclabel,0,0,0,0,0,0,0,0,0,0,0,0,0,0,0,0,0,0
1430600754.53462,public,item,0,0,,,100000,0,0,0,100000,0,1283,2678,,,,,,
1430600754.53462,pg_catalog,pg_ts_config_map,0,0,0,0,0,0,0,0,0,0,0,0,0,0,,,,
1430600754.53462,information_schema,sql_sizing,0,0,,,0,0,0,0,0,0,0,0,,,0,0,0,0
1430600754.53462,pg_toast,pg_toast_12339,0,0,0,0,0,0,0,0,0,0,0,0,0,0,,,,
1430600754.53462,information_schema,sql_packages,0,0,,,0,0,0,0,0,0,0,0,,,0,0,0,0
1430600754.53462,pg_toast,pg_toast_2606,0,0,0,0,0,0,0,0,0,0,0,0,0,0,,,,
1430600754.53462,pg_catalog,pg_pltemplate,24,192,0,0,0,0,0,0,8,0,24,12,0,0,,,,
1430600754.53462,pg_catalog,pg_auth_members,36,0,0,0,0,0,0,0,0,0,0,0,0,0,,,,
1430600754.53462,pg_catalog,pg_depend,0,0,200,181,27,0,0,0,27,0,8,227,13,513,,,,
1430600754.53462,pg_toast,pg_toast_2604,0,0,0,0,0,0,0,0,0,0,0,0,0,0,,,,
1430600754.53462,pg_catalog,pg_shseclabel,24,0,13,0,0,0,0,0,0,0,0,0,13,0,,,,
1430600754.53462,information_schema,sql_features,0,0,,,0,0,0,0,0,0,0,0,,,0,0,0,0
1430600754.53462,public,district,0,0,,,80,0,0,0,80,0,4,0,,,,,,
1430600754.53462,pg_toast,pg_toast_12319,0,0,0,0,0,0,0,0,0,0,0,0,0,0,,,,
1430600754.53462,pg_catalog,pg_description,0,0,0,0,0,0,0,0,0,0,0,0,0,0,0,0,0,0
1430600754.53462,pg_catalog,pg_namespace,0,0,51,35,0,0,0,0,0,0,1,34,4,72,,,,
1430600754.53462,information_schema,sql_sizing_profiles,0,0,,,0,0,0,0,0,0,0,0,,,0,0,0,0
1430600754.53462,pg_catalog,pg_foreign_server,0,0,0,0,0,0,0,0,0,0,0,0,0,0,,,,
